fecha,IGAE_Total,IGAE_Primarias,IGAE_Secundarias,IGAE_Terciarias,Produccion_industrial,Consumo_privado,Ventas_por_menor,Importaciones_bienes_capital,Tasa_desocupacion,Horas_manufacturas,Exportaciones_manufactureras,Confianza_consumidor,Opinion_empresarial,Coincidente_SIC,Adelantado_SIC,INPC,INPC_subyacente,Precios_productor,Valor_produccion_edificacion,Valor_produccion_construccion,EMIM_remuneraciones_medias_reales,EMIM_volumen_fisico_produccion_total,ENOE_ocupados_secundario,ENOE_ocupados_terciario,EMS_personal_servicios_priv_no_fin,EMEC_comercio_por_mayor,EMEC_comercio_por_menor,IGPOSE,ENEC_valor_produccion_subsector_236,ENEC_valor_produccion_subsector_237,ENEC_valor_produccion_sector_23,INPP_mineria_sin_petroleo,INPP_mineria_con_petroleo,INPP_agricultura_forestal_pesca,INPP_con_petroleo_servicios,INPP_sin_petroleo_servicios,INPP_energia_electrica_agua_gas,IGRESE,IGREMSE,Tasa_objetivo,CETES_28_dias,CETES_91_dias,CETES_182_dias,CETES_364_dias,Credito_real_sector_privado,Credito_consumo,Credito_vivienda_banca_comercial,Credito_empresas_actividad_empresarial,Ingresos_tributarios_totales_GF_CG2_millones_pesos,IPC_bolsa,M1,M2,M3,M4,TC_FIX,TIIE_28_dias,Mbono_tasa_fija_3y,Mbono_tasa_fija_5y,Mbono_tasa_fija_10y,EE_inflacion_general_prox12m_mediana,EE_PIB_real_anual_mediana_año_t,EE_TC_pesos_dolar_cierre_año_t_mediana,SPEI_monto_total_pesos,Mas_Asalariados_ganan_hasta_tres_salarios_2025,Mas_IPC_MXX_Close,Mas_Tasa_desocupacion_2025,Mas_Tasa_neta_ocupacion_2025,Mas_Tasa_trabajo_asalariado_2025,IMSS_total_trabajadores,US_INDPRO
1993-01-01,56.4023274118976,62.7707046121685,63.2610303422538,52.3007182488607,63.2606414464627,52.5116038714172,,877.261051463757,,,2987.01654229604,,,74.3,68.0,2.55951565509424,14.2999064519551,,,,,,,,,,,,,,,,,,,,,,,,,,,,,,,,10.8404212921261,7.38400875911906,,,,,1.14480068734727,,,,,,,,,,,,,,,64.5307987407181
1993-02-01,57.5861689740308,64.4016045055788,65.7573063482416,52.998368407941,65.7561102471554,53.2466883025172,,913.894435210382,,,3088.11771428689,,,75.3,68.4,2.56593922967385,14.323397020434,,,,,,,,,,,,,,,,,,,,,,,,,,,,,,,,10.9615381539598,7.37969976727688,,,,,1.13103002192102,,,,,,,,,,7.38773744437242,,,,,64.9002859287124
1993-03-01,57.761024190501,60.7057749939032,66.222786347953,53.1066632160802,66.222680382631,53.7648247746118,,885.121767711438,,,3074.21786129002,,,75.6,69.8,2.57200707883736,14.3140413556612,,,,,,,,,,,,,,,,,,,,,,,,,,,,,,,,11.0216891025441,7.53143701114946,,,,,1.13082447106818,,,,,,,,,,7.53295064211264,,,,,64.9124796404604
1993-04-01,57.1921049866703,60.0094135639059,65.3993073222028,52.9909319147654,65.3986804054549,53.2042624307425,,891.648061922288,,,3278.70755287901,,,73.7,69.5,2.57856315221377,14.3169554512416,,,,,,,,,,,,,,,,,,,,,,,,,,,,,,,,11.0447033473966,7.45696145370675,,,,,1.13677365499323,,,,,,,,,,7.45429163038872,,,,,65.0819905409677
1993-05-01,57.9264468951806,62.9691081019107,65.4045418504495,53.3032968516229,65.404692295795,53.9637626758466,,919.844536016805,,,3276.28849498676,,,75.0,69.3,2.58563080957608,14.3484108033551,,,,,,,,,,,,,,,,,,,,,,,,,,,,,,,,11.0659210468507,7.43041997048642,,,,,1.13510949728733,,,,,,,,,,7.43171412057668,,,,,64.8580328123531
1993-06-01,57.4815047005791,59.4473790828732,64.8896408314537,53.0830854558034,64.8889480922294,53.571941336509,,915.123187211288,,,3551.55862489966,,,74.0,68.6,2.59253783060474,14.433075833114,,,,,,,,,,,,,,,,,,,,,,,,,,,,,,,,11.076168649992,7.43316903644702,,,,,1.13006718768487,,,,,,,,,,7.43102612974054,,,,,64.9114480390318
1993-07-01,58.3472810372442,68.326607482969,65.4951662293001,53.6146256959065,65.496138898435,53.5202021586873,,920.053710308683,,,3498.88338259696,,,74.4,69.0,2.59977536218653,14.5771724394372,,,,,,,,,,,,,,,,,,,,,,,,,,,,,,,,11.0903872388872,7.47659548550403,,,,,1.1344227553236,,,,,,,,,,7.47597520468559,,,,,65.2429454095046
1993-08-01,58.1106213230638,59.9358333916821,65.6377729095841,53.3651776826913,65.6374531874997,53.2654726778238,,911.029366754868,,,3282.16603412483,,,73.1,69.2,2.6075201366503,14.7754338108131,,,,,,,,,,,,,,,,,,,,,,,,,,,,,,,,11.1001139219118,7.49351731494564,,,,,1.13850306646713,,,,,,,,,,7.49048886529308,,,,,65.0573342778949
1993-09-01,57.8690675686043,62.0155533514733,65.5124841374899,53.0153653071346,65.5122760851716,53.7252049645904,,925.569772106129,,,3567.12056842346,,,71.5,68.6,2.61578934412854,14.9559957144817,,,,,,,,,,,,,,,,,,,,,,,,,,,,,,,,11.1109341744376,7.50205666102078,,,,,1.13974682106511,,,,,,,,,,7.49803853498347,,,,,65.4001650125031
1993-10-01,57.7628556156559,61.8320877732112,65.7729087360809,52.9963358419627,65.7727672859833,53.789292178164,,945.747926991592,,,3828.89369637243,,,71.6,69.3,2.62385922544671,15.1639964031013,,,,,,,,,,,,,,,,,,,,,,,,,,,,,,,,11.121014194895,7.6239970775927,,,,,1.13562255424127,,,,,,,,,,7.62155874357046,,,,,65.8809347211472
1993-11-01,57.6143703728926,59.0990764734706,65.8100264782489,52.3172733304413,65.8109187747657,53.5207533841879,,886.443792967265,,,3600.40303437128,,,70.5,69.4,2.62643528997831,15.3783889534129,,,,,,,,,,,,,,,,,,,,,,,,,,,,,,,,11.1635345443658,7.66333450698666,,,,,1.13015354860571,,,,,,,,,,7.66367651569445,,,,,66.0739606289116
1993-12-01,58.2916503827823,61.9082451622745,66.8281767990672,53.3514908883452,66.8274732709791,56.0479186722998,,955.808077853457,,,3962.48988166015,,,73.5,70.8,2.62947451822347,15.406641854119,,,,,,,,,,,,,,,,,,,,,,,,,,,,,,,,11.1934206279665,7.81263195544832,,,,,1.13702417918297,,,,,,,,,,7.81422284472071,,,,,66.2954684477128
1994-01-01,58.8537531795495,57.4079882785479,67.3038194934646,54.2135803950574,67.3045334837005,54.5382108262527,,992.425756552277,,,3770.59606682327,,,72.3,72.2,2.63145602103321,15.3812019689427,,,,,,,,,,,,,,,1.97927738346578,1.45495169411471,2.47420027541753,,,10.2949024714748,,,,,,,,,,,,11.0314651000487,7.90323062594719,,,,,1.14145537390104,,,,,,,,,,7.89742711974981,,,,,66.68776677139
1994-02-01,58.6415732259264,64.0548761075406,66.9493669058875,53.9999253511759,66.9479506466489,54.8889433262794,,1031.06044753811,,,3892.88485376278,,,73.1,72.4,2.63491467727597,15.3904112330495,,,,,,,,,,,,,,,1.98264239774448,1.46263531051439,2.45723220058292,,,10.2532912964974,,,,,,,,,,,,11.1295021394438,7.89391698603942,,,,,1.16019534352356,,,,,,,,,,7.90154031040215,,,,,66.7385698258703
1994-03-01,59.1666451246215,62.5649235972881,67.6833365674558,54.3964413282264,67.684052930717,55.0522017567465,,1060.50596807385,,,3935.21701644462,,,73.1,72.3,2.64028834378663,15.3423918350603,,,,,,,,,,,,,,,2.00986531065335,1.5172641885478,2.45901015834108,,,9.8515099252542,,,,,,,,,,,,11.1381118072152,7.83743679913642,,,,,1.21320084878968,,,,,,,,,,7.83867231717619,,,,,67.5137538678195
1994-04-01,60.4266856922968,62.0087183165463,71.0953393877763,54.8982852463692,71.0949939893691,56.060551034313,,1079.81547718442,,,3902.90617959485,,,75.1,71.9,2.6459445293446,15.3439316464598,,,,,,,,,,,,,,,2.02090233040616,1.57399902226802,2.45409941863631,,,9.8883608658026,,,,,,,,,,,,11.1611722530111,7.77725101423832,,,,,1.18709862997627,,,,,,,,,,7.77670432325715,,,,,67.9131024957199
1994-05-01,60.3664580954369,65.2447496200356,68.384503385031,55.4310340654973,68.3837032577973,56.2912910899702,,1022.9969410667,,,4028.48049232381,,,74.4,71.9,2.65237060845294,15.4091176151727,,,,,,,,,,,,,,,2.0218369788817,1.64831910308527,2.45991582335205,,,10.2145242519624,,,,,,,,,,,,11.1702736218631,7.86089510085995,,,,,1.19843441679408,,,,,,,,,,7.85951326005103,,,,,68.2434425663395
1994-06-01,60.4719810433087,67.6330452797932,68.3530565781901,55.5183153191719,68.3528370469438,56.7108624726015,,1083.71214332002,,,4188.62102625196,,,74.3,71.4,2.65874758611742,15.5156357142332,,,,,,,,,,,,,,,2.03459718967396,1.71797610271636,2.4712364118345,,,10.3612075940093,,,,,,,,,,,,11.1847546616236,7.73257735267673,,,,,1.21483275523425,,,,,,,,,,7.73076070192422,,,,,68.6237575007473
1994-07-01,59.9732050775998,56.3897921641602,68.216637239074,55.4089496726746,68.215676462473,56.9666065717417,,1157.40418948783,,,4134.58433656134,,,73.9,71.3,2.66578532288357,15.6555413609446,,,,,,,,,,,,,,,2.05073085022665,1.76195446295081,2.49110651215628,,,10.4624919519897,,,,,,,,,,,,11.1963859418456,7.80459619267053,,,,,1.22179827177017,,,,,,,,,,7.80124168070433,,,,,68.8622089660534
1994-08-01,60.4834102728155,60.1355812135138,69.0346916208134,55.330767742612,69.0343140848515,57.233217473866,,1164.74223087184,,,4143.57635621763,,,74.7,71.3,2.67312769871409,15.8515821800304,,,,,,,,,,,,,,,2.06027813394653,1.7081783160113,2.50260435380493,,,10.6829601312923,,,,,,,,,,,,11.2125362402903,7.84637358423093,,,,,1.22433102973823,,,,,,,,,,7.84749768643969,,,,,69.2118207949364
1994-09-01,60.9008899322167,60.5980029471857,69.2433813841575,55.8945246513852,69.2435860487002,57.2597073323413,,1113.71338611717,,,4169.38945961273,,,74.8,70.8,2.681284580694,16.0366864974942,,,,,,,,,,,,,,,2.06709344304527,1.68463569711071,2.5101418385193,,,10.9320344189004,,,,,,,,,,,,11.2274762590508,7.9021556918416,,,,,1.22680628972305,,,,,,,,,,7.90131439364762,,,,,69.411468818205
1994-10-01,61.1173484625643,66.2578222489588,68.8155529416871,56.3998479377223,68.8162272014708,57.4820624342562,,1195.20727509096,,,4370.70056104102,,,74.5,70.9,2.69032033562513,16.2539230930931,,,,,,,,,,,,,,,2.06225533566852,1.7065187049579,2.51780136346182,,,10.8819901535373,,,,,,,,,,,,11.2408526658616,7.86291566963209,,,,,1.23036066370848,,,,,,,,,,7.86237292031667,,,,,69.9799789206694
1994-11-01,61.3350078686961,59.9101985734134,68.594999600765,56.7188268532555,68.594632075117,57.8470121993269,,1273.50561501664,,,4813.72626785271,,,75.4,71.0,2.69374962928714,16.4803427458344,,,,,,,,,,,,,,,2.05422526137111,1.72968890630361,2.51939684586058,,,10.6864321709564,,,,,,,,,,,,11.2750054402929,7.82720881554054,,,,,1.23166655282257,,,,,,,,,,7.828801773062,,,,,70.3418084546379
1994-12-01,60.524469816888,59.6130863855449,68.4122430705795,56.4492991492317,68.413977550722,57.1247250053819,,1166.61268112463,,,4477.10063034212,,,72.3,69.0,2.69798137384684,16.5726363775929,,,,,,,,,,,,,,,2.12129219589517,1.79020769890734,2.51401777968444,,,10.4763534151721,,,,,,,,13.1695803525532,13.1788403396998,11.4727148251086,12.8449404662556,11.3013134445695,7.72873381018102,,,,,1.61287512186643,,,,,,,,,,7.72879554114955,,,,,70.9147472621149
1995-01-01,60.9436646348632,64.0530370661848,69.3760879395608,56.1459689665472,69.3760157296733,54.4981670016741,,832.371169381529,,,5189.09851175527,,,73.2,62.2,2.72809350462718,17.0053935019802,,,,,,,,,,,,,,,2.32960035037517,2.10839221791702,2.55710709299653,,,10.5113622498421,,,,,,,,13.1925000174995,13.1896646380165,11.4940533942764,12.8483560487725,11.0363055717039,7.62679202975634,,,,,1.78561031825755,,,,,,,,,,7.61072199245999,,,,,71.2299277759247
1995-02-01,56.9861028251481,55.2394186024383,63.1827671669303,53.862178877886,63.1812457904563,53.8798251075346,,733.180936871028,,,5070.01306588555,,,67.5,58.3,2.7677969599902,17.6739938075694,,,,,,,,,,,,,,,2.36045915876291,2.19949624887307,2.58670403045164,,,10.7513502978142,,,,,,,,13.1871224087929,13.1915631419601,11.5151885378186,12.8310256906576,11.1217941271633,7.37398874280338,,,,,1.78864439929103,,,,,,,,,,7.36835789254851,,,,,71.132349354335
1995-03-01,56.7286129469795,60.0960638953949,62.184520518809,53.6655643303851,62.1841536555565,53.2557435703848,,794.037097988236,,,5132.04067660954,,,65.9,51.7,2.82532389808081,18.353965918484,,,,,,,,,,,,,,,2.47086581799154,2.35375526136286,2.63615412155944,,,10.6005500852009,,,,,,,,13.2283599299833,13.2241975139357,11.5429880411812,12.8898340960527,11.1259034133806,7.55231456243503,,,,,1.92447248671308,,,,,,,,,,7.54973941662121,,,,,71.3719578487667
1995-04-01,55.130537446337,65.226128795928,59.5816402922903,52.2929269591011,59.5810886183713,52.7254622714177,,614.890749782322,,,5133.70723172879,,,61.8,52.2,2.90275416736441,19.6673832324998,,,,,,,,,,,,,,,2.55094625698834,2.3240330799677,2.65250582787923,,,13.4358835791705,,,,,,,,13.1752156656583,13.1710378697712,11.5800923418091,12.7990781970194,11.1402835833103,7.61086300644047,,,,,1.80300026388397,,,,,,,,,,7.613941653396,,,,,71.2625559948367
1995-05-01,54.7161795555503,55.069611859999,59.2249255273297,51.9796756475912,59.2243941985785,52.2056458222144,,680.311716254193,,,5414.28474693523,,,60.5,55.1,2.94582735165287,20.6399180194796,,,,,,,,,,,,,,,2.53183872229527,2.3238943385415,2.67902736934615,,,13.9064265179651,,,,,,,,13.1962143700284,13.1926773385736,11.6092718765368,12.8107811135627,11.1789160991559,7.60517946150121,,,,,1.81984048893359,51.59,,,,,,,,,7.60059167133781,,,,,71.5958118598481
1995-06-01,55.3222832071085,62.7498530987898,59.5435660279722,52.4435038022045,59.5436899980061,52.5984715051662,,719.788387883669,,,5363.92265164957,,,60.4,56.8,2.97883498389528,21.3866462012148,,,,,,,,,,,,,,,2.56376865426462,2.32588394723606,2.71903109027953,,,13.8510680115734,,,,,,,,13.1742009152841,13.1558954159129,11.6372649315506,12.7522047859845,11.2128461937306,7.69491275199819,,,,,1.82454324961173,44.155,,,,,,,,,7.69495304685273,,,,,71.8129619970194
1995-07-01,55.7301514610474,61.047093461284,60.0086749818839,52.8512022654354,60.0087895199144,52.6214883578525,,719.215594564379,,,5285.55278152284,,,60.0,57.3,3.0021168127793,21.9305283368407,,,,,,,,,,,,,,,2.57621465172761,2.26834999308097,2.73692223863942,,,14.1839060653667,,,,,,,,13.1693194280828,13.1550609434189,11.6566481853404,12.7390527619902,11.2355912624495,7.76457104475711,,,,,1.80961130149432,39.945,,,,,,,,,7.75964075474555,,,,,71.6393496702725
1995-08-01,56.1515308823269,69.6167112372654,60.1206429095976,53.0622793972867,60.1206407110955,52.7891960367696,,724.144824826271,,,5711.27411337354,,,59.5,58.6,3.02183901008066,22.4777155542065,,,,,,,,,,,,,,,2.6091514389067,2.31330548944572,2.75486383846435,,,14.3943760562346,,,,,,,,13.1926829751557,13.1471988380765,11.6711421670243,12.7428251178803,11.2512046268313,7.78647931429221,,,,,1.84409148890167,38.614,,,,,,,,,7.78081248643052,,,,,72.4513540506391
1995-09-01,56.6429644102091,65.3862129069265,61.0899923723565,53.4757932125043,61.0905973148338,52.8346945877431,,713.291247333393,,,5891.09253582817,,,60.4,59.2,3.0435089240509,23.0392708217309,,,,,,,,,,,,,,,2.60469423991229,2.30072573015856,2.77666254488867,,,14.3974069576088,,,,,,,,13.1954403621384,13.1251909387812,11.6757382875749,12.723767172638,11.2752760067737,7.76906867879107,,,,,1.86032782985273,36.15,,,,,,,,,7.76814799931839,,,,,72.7029604166819
1995-10-01,55.416286504614,60.1066091905807,58.5387553616871,53.3571704376111,58.5383853641922,52.5902522537994,,700.881225487371,,,5767.00415997052,,,59.1,57.9,3.06763382341398,23.5910107684371,,,,,,,,,,,,,,,2.64460152833157,2.30533523241129,2.82025327925701,,,14.2836669723699,,,,,,,,13.2040386092785,13.1065052749125,11.5611152991085,12.7177776766158,11.2968424816505,7.76540564309362,,,,,1.95952281116872,43.955,,,,,,,,,7.76737272789202,,,,,72.5931841758089
1995-11-01,57.2188264107181,61.0408829534191,62.4850886961924,53.4785332627347,62.485177527335,52.9467283270234,,705.242598213563,,,5819.10812719057,,,61.5,56.4,3.08979058983936,24.1835432977298,,,,,,,,,,,,,,,2.71174946604281,2.4594994159387,2.86253760792434,,,13.8213171279098,,,,,,,,13.2634274823373,13.1337572866955,11.4570105884433,12.7809526727688,11.3327231407362,7.87579531280276,,,,,2.01415080174157,54.43,,,,,,,,,7.87714287357476,,,,,72.6837528478301
1995-12-01,58.9033862643044,69.1391736276674,66.7136877341536,54.2017082863344,66.7134026179844,53.9608487071719,,744.67952651043,,,6031.30752176858,,,62.8,59.0,3.11706681659506,24.8078857766287,,,,,,,,,,,,,,,2.76481119887996,2.50028438738001,2.90792323077334,,,14.1701361605306,,,,,,,,13.2682493323167,13.0663634955665,11.4455174803123,12.7144050033978,11.3603873937795,7.89911827691063,,,,,2.05084238699569,48.85,,,,,,,,,7.8997982197417,,,,,72.8171887819237
1996-01-01,59.136973823308,65.4178176833489,66.2140406604768,55.0458443407429,66.2141261329735,53.7119405047258,,767.208736901082,,,6268.4901461442,,,63.3,60.6,3.14371739565834,25.3803787595673,,,,,,,,,,,,,,,2.79690606761728,2.5000459020138,2.94296922388797,,,14.7090505541956,,,,,,,,13.2691330349681,13.0259411704363,11.4181460996969,12.6506950611288,11.2841499920514,8.01189371263408,,,,,2.01051357885889,38.69,,,,,,,,,8.0106943793344,,,,,72.573666734289
1996-02-01,58.6686054678754,65.7090741905175,65.7896992959704,54.3952349305323,65.7955979018642,53.5246313999431,,780.08284513183,,,6156.75538340048,,,63.5,60.6,3.16439664424767,25.8832485008919,,,,,,,,,,,,,,,2.8149217765372,2.54950405346811,2.9864895143824,,,14.9811135653237,,,,,,,,13.2670339204727,13.0104627060356,11.3729064712828,12.6403715193175,11.343769431892,7.97369655041695,,,,,2.02459875428339,42.2575,,,,,,,,,7.97739620543856,,,,,73.5822684614452
1996-03-01,59.1500700182835,64.1450101169795,66.9262015479462,54.6191728187769,66.925880730491,54.5816913347209,,805.693100637526,,,6203.65226600794,,,64.5,61.1,3.18685018384915,26.3559857807607,,,,,,,,,,,,,,,2.83768816622949,2.64113298049527,3.00483217355135,,,15.211821550543,,,,,,,,13.271419158327,12.9616597785509,11.3656470791283,12.602318951642,11.3767887505036,8.05419309862586,,,,,2.02094672412246,40.1585,,,,,,,,,8.05484776110339,,,,,73.634139062709
1996-04-01,58.856428881139,61.3144343255997,66.3637678408929,54.6210702785738,66.3639748171408,53.7685786097673,,851.156375083228,,,6402.94934215444,,,64.2,62.4,3.21600219357419,27.0178288327698,,,,,,,,,,,,,,,2.85841752160145,2.60508291693049,3.03849291650944,,,15.788489274036,,,,,,,,13.2747876565605,12.9381638875426,11.3719914097981,12.5692207712519,11.4028807208705,8.07833360006758,,,,,2.01283273448491,33.06,,,,,,,,,8.07653490646687,,,,,74.4105817949584
1996-05-01,59.6529248832294,64.2162843466156,67.4363862982223,54.8628924753853,67.4354979675066,54.2107824024656,,851.462332569845,,,6549.01044421809,,,65.5,63.3,3.23702994863055,27.5253399799629,,,,,,,,,,,,,,,2.86090790846845,2.59445868952297,3.07483694451336,,,15.9217073571421,,,,,,,,13.2810781663983,12.9263647689564,11.3586345541304,12.5560138969193,11.4235384133465,8.09151744082966,,,,,2.00284500195624,29.15,,,,,,,,,8.09241094052781,,,,,74.8995570772657
1996-06-01,60.1440384081625,65.9800213643453,68.5599970750008,55.0002902907511,68.5599540864723,54.4098284623422,,867.807983612002,,,6302.24987765559,,,66.1,63.8,3.25550914366781,28.0503554953062,,,,,,,,,,,,,,,2.8572118211652,2.60624053342441,3.08637403094978,,,16.2355409535841,,,,,,,,13.2858717619811,12.9104250718333,11.3406730367125,12.540788080599,11.4332002860778,8.05868881054852,,,,,2.01745366022891,31.84,,,,,,,,,8.05868163658996,,,,,75.5499004088847
1996-07-01,60.166406134676,68.1446286761143,68.3588253428085,54.9219221311024,68.3583944461102,54.8053204363301,,885.584623097649,,,6590.23364438805,,,66.3,63.8,3.27323674211937,28.5940239923347,,,,,,,,,,,,,,,2.86056791664149,2.63327846813045,3.09758076928654,,,16.6373053503349,,,,,,,,13.300158617784,12.8970937564048,11.1927841817864,12.5464814077346,11.4577600772099,7.99193349605004,,,,,2.02903449602653,32.785,,,,,,,,,7.99012520699744,,,,,75.6324290262883
1996-08-01,60.1948718972628,61.1293730624818,68.3981256142032,55.4324298175728,68.3993458202728,54.94306147327,,914.607109838206,,,6725.30128984943,,,66.5,65.0,3.29019404995414,29.1192569378965,,,,,,,,,,,,,,,2.86235465834849,2.66593150670079,3.11892781838351,,,16.9096867074292,,,,,,,,13.3112652827213,12.8498620394759,11.1466039455595,12.5175147908549,11.5029818404822,8.07595044709778,,,,,2.03628301865676,28.05,,,,,,,,,8.07571549519356,,,,,75.8659936034333
1996-09-01,60.6707936507519,64.0971187470454,68.5777528129076,55.6945022522497,68.5768974394137,55.4575035127721,,969.295052697142,,,6924.95125166065,,,66.5,65.5,3.30671758142606,29.6314286462658,,,,,,,,,,,,,,,2.852025642707,2.71044162374703,3.13875782277541,,,17.0450806637075,,,,,,,,13.3160380538466,12.8164557493809,11.1094178403094,12.4888017066737,11.5319306941295,8.08832408576473,,,,,2.02955710320969,25.9,,,,,,,,,8.08728911814917,,,,,76.2768713073849
1996-10-01,61.1555383963907,62.2350275181579,69.8622327664141,56.0156413577244,69.8625752725925,55.9811849865447,,1020.45115194183,,,6887.3056335351,,,67.6,65.7,3.32235084833932,30.1087914731982,,,,,,,,,,,,,,,2.83110182495538,2.73898530736891,3.16228058583395,,,17.2485163832042,,,,,,,,13.325688377691,12.8307088195387,11.0948960809856,12.5068570297068,11.5634020910135,8.11392564865471,,,,,2.07711582813585,33.675,,,,,,,,,8.11311308866274,,,,,76.313860777851
1996-11-01,61.9444539359436,72.0903463931255,70.6215930984164,56.1704285347114,70.6224769086842,56.1984580083867,,1051.40550622792,,,7101.80400872067,,,68.7,65.1,3.33512599142892,30.5641691234027,,,,,,,,,,,,,,,2.87814265837949,2.74315923792551,3.17774647343341,,,18.1179942578603,,,,,,,,13.319860947392,12.8255578202587,11.1348322121478,12.4919251390009,11.5992614084538,8.0939763838255,,,,,2.05775699547282,30.71,,,,,,,,,8.09072291108369,,,,,76.9426066187557
1996-12-01,62.1133229717879,63.4752037690717,72.5087182929934,56.5794878318862,72.5081857210373,56.5791678694527,,1064.53036152175,,,6997.90289269838,,,69.4,66.6,3.36157119329859,31.164742122081,,,,,,,,,,,,,,,2.94218810092837,2.76099059600073,3.17003900158209,,,19.8679732123399,,,,,,,,13.2758090398819,12.729577521667,10.8524156903612,12.4530335680004,11.6318183896199,8.09856915968786,,,,,2.06611606935638,28.64,,,,,,,,,8.09893555632472,,,,,77.3579790320692
1997-01-01,61.9928882353228,66.4141661318618,70.715888571196,57.1463972561805,70.7153582510077,56.5925653848872,,1051.86936349479,,,7450.19716084641,,,69.8,67.2,3.3774555085504,31.6663390768122,,,,,,,,,,,,,,,2.98199959563016,2.77063126229336,3.18067844488143,,,20.5759736579338,,,,,,,,13.2652953311236,12.6223787951277,10.7368035011971,12.3283180685873,11.6261736184768,8.21126558991704,,,,,2.05575066937847,24.7,,,,,,,,,8.21165838590109,,,,,77.6268634067951
1997-02-01,62.2898150239246,63.5377869721309,71.2672071967395,57.198073464207,71.2652032534527,57.6622347422553,,1076.21565875134,,,7215.07500540686,,,70.9,68.1,3.3911793049616,32.0975791436492,,,,,,,,,,,,,,,2.91343174929327,2.67309242683352,3.19041124464185,,,19.2463935092469,,,,,,,,13.2683912145051,12.6248925200738,10.7190649902862,12.3226840807187,11.6983606217491,8.26988582841424,,,,,2.0665819522844,22.59,,,,,,,,,8.2717799867137,,,,,78.4763915501086
1997-03-01,62.6709703671945,63.0694794676586,71.7444649112321,57.5081324203029,71.7457604695984,57.2492554020413,,1101.79693606457,,,7441.69781441924,,,71.5,67.3,3.40484902597742,32.4126576222695,,,,,,,,,,,,,,,2.87770687564703,2.62485029296627,3.21781692341069,,,17.8325329831969,,,,,,,,13.2794551018226,12.6360925606159,10.7870592120751,12.3383575694072,11.711200121321,8.22628828752776,,,,,2.07355455340349,22.54,,,,,,,,,8.22671092130381,,,,,79.1413024946268
1997-04-01,63.3190600866051,64.5632157453444,72.7602330692463,57.8938502922993,72.7589743209642,58.4139798679338,,1242.7838708916,,,7548.18766924421,,,72.6,67.8,3.41718522189687,32.7937588141601,,,,,,,,,,,,,,,2.89195354591149,2.54142927917569,3.22163536538623,,,18.3098086649164,,,,,,,,13.2778390925523,12.6346508702803,10.764800013582,12.3398077440553,11.7394083706737,8.22075705531746,,,,,2.08125888339948,21.39,,,,,,,,,8.2191650139609,,,,,79.2574312040578
1997-05-01,63.9438187065276,68.1759088598705,73.542484351563,58.2231142420916,73.5438455396933,58.5377981225867,,1181.00378698531,,,7554.84964389624,,,73.6,68.9,3.43003629255387,33.2528805825472,,,,,,,,,,,,,,,2.90959716765781,2.61512743179973,3.22827972837785,,,18.7357584811089,,,,,,,,13.2786715064065,12.6371798950372,10.7329065436756,12.3458454353056,11.751135228727,8.28484400484034,,,,,2.06781826983247,20.51,,,,,,,,,8.28550570239338,,,,,79.5899656482503
1997-06-01,64.6135144058328,64.1483353008866,74.3749321242741,58.9787519037267,74.3739462579998,59.3696624260481,,1251.84593579897,,,7990.35731402813,,,74.6,68.8,3.44163684955367,33.6770652367646,,,,,,,,,,,,,,,2.92818249955963,2.60087006516819,3.23069078168514,,,19.2778626377763,,,,,,,,13.2700869812775,12.6366645715636,10.7458928210664,12.3406815560116,11.7729419958387,8.37134126774467,,,,,2.06749071093535,23.8,,,,,,,,,8.37136040392839,,,,,80.1248894149662
1997-07-01,64.583162225322,60.0936824928606,74.9742386307861,58.8404291650511,74.9743840119652,59.1780918031178,,1244.60130824758,,,7926.67265745905,,,75.9,70.0,3.45405992997527,34.1065710880204,,,,,,,,,,,,,,,2.92756836507268,2.59684935582476,3.23798755279076,,,19.2822563421801,,,,,,,,13.2642060054346,12.6446389993009,10.7357688070888,12.3435660147815,11.7976893692051,8.51447671038763,,,,,2.06235287801479,20.085,,,,,,,,,8.51321919198176,,,,16.1415103586121,80.839361901478
1997-08-01,65.1100535629217,63.1643387536577,75.5271643393955,59.1774324275418,75.5263511418906,59.7703643869863,,1308.08541755374,,,7880.13413981569,,,76.0,70.3,3.46664841781129,34.5096206849005,,,,,,,,,,,,,,,2.93786721875731,2.60420270777219,3.25920892526908,,,19.7726446026071,,,,,,,,13.2502504997138,12.5936319093511,10.7299154334173,12.3065071914155,11.8173781365169,8.43606499317407,,,,,2.06458585807312,21.525,,,,,,,,,8.43630487710852,,,,16.1463802226668,81.5090183057964
1997-09-01,65.4361063567313,63.8914195437045,75.6459288878848,59.5672784471397,75.6467491352712,59.9873415217266,,1319.65102114659,,,8011.23001713729,,,76.4,70.7,3.47868523776773,34.9619724828541,,,,,,,,,,,,,,,2.96169347849653,2.59625195079968,3.26819470467007,,,20.5040374069636,,,,,,,,13.2534944145638,12.6101279652667,10.7290195489842,12.3341194424477,11.8468095905738,8.60723058827281,,,,,2.05751040603422,19.025,,,,,,,,,8.60630600489892,,,,16.1584122526476,82.1531103861305
1997-10-01,66.3760874873768,70.3900091178802,76.5896935900982,60.2566861178452,76.5889402638211,60.6075564962071,,1328.80798052351,,,8155.45900007547,,,77.5,70.7,3.48907232282072,35.3929841805075,,,,,,,,,,,,,,,2.9700459495805,2.62964826513034,3.26439537944409,,,21.3166659641043,,,,,,,,13.2514345428269,12.6305083662128,10.756518185546,12.3558229744317,11.875662213474,8.49003919950633,,,,,2.11517220070653,23.45,,,,,,,,,8.48920230477873,,,,16.1676916497302,82.9076669409153
1997-11-01,66.9701050437155,66.6703321064997,77.1492023909187,61.0128688232928,77.1494178761301,61.2187764210408,,1405.49904696877,,,8293.07368894729,,,77.7,70.2,3.49806299952989,35.8302733051211,,,,,,,,,,,,,,,2.98964860377206,2.64858258125615,3.25313596579111,,,21.4193269104693,,,,,,,,13.2667505609176,12.6601307296312,10.8429403073473,12.3716808824286,11.9072429463658,8.52882088185408,,,,,2.09865125757383,20.77,,,,,,,,,8.52970889996627,,,,16.173429876868,83.5069520874945
1997-12-01,66.6212780328898,63.0741291691386,77.2879324644604,61.0904824414704,77.2878658326654,60.9291804397314,,1455.72983735386,,,8382.9433092607,,,77.4,70.3,3.50669552509086,36.2304454344951,,,,,,,,,,,,,,,2.95406464223448,2.51030179235943,3.2637846258051,,,20.9190942394955,,,,,,,,13.2476028537224,12.6494621063239,10.7663195967195,12.3875358725616,11.9411700250131,8.55090573484454,,,,,2.08854966387019,20.09,,,,,,,,,8.55094552087842,,,,16.1815247881911,83.8166462293556
1998-01-01,67.1580490855349,61.4033983461513,78.2420314767198,61.5884494424542,78.2436968839533,61.6898280149321,,1437.65088392356,,,8428.70006743033,,,77.8,69.7,3.51939027756,36.6319841091227,,,,,,,,,,,,,,,2.95061180447499,2.45626241660878,3.2859842321472,,,20.9329837618826,,,,,,,,13.2411931166308,12.6586997203653,10.7414506276408,12.3870611043762,12.0339131363097,8.44975680265764,,,,,2.12705523461626,19.32,,,,,,,,,8.45058179126065,,,,16.1890124095929,84.3174060076136
1998-02-01,68.0511204884447,70.0253979183051,79.4717154377387,61.5403872652915,79.4695048159185,62.487193302458,,1413.50628542188,,,8569.58890900222,,,79.2,69.7,3.53355881583055,37.2031118221136,,,,,,,,,,,,,,,2.94520952304957,2.44387751137764,3.28793344829975,,,20.7989248906186,,,,,,,,13.2583905608594,12.7035566321061,10.7488127697488,12.4308892914877,12.0047271455728,8.47713112864859,,,,,2.13249483925369,21.12,,,,,,,,,8.47830126139118,,,,16.1936386922889,84.3649438433349
1998-03-01,68.6046752368252,69.5357126343624,79.9357259031604,62.1962040926978,79.9351395540898,63.53917130925,,1464.77861743577,,,8890.91436521679,,,79.9,70.0,3.54707175476553,37.5387097037937,,,,,,,,,,,,,,,2.98608072422822,2.41547849120699,3.29252505846642,,,21.414770493808,,,,,,,,13.2513611099142,12.6836607707568,10.7808793914918,12.4111997222412,12.026061591901,8.49349229039293,,,,,2.14751824239156,21.52,,,,,,,,,8.49359351602842,,,,16.2024485166144,84.5320751154649
1998-04-01,68.62583034503,67.7410894507975,79.6673537682006,62.3178682628576,79.6673912496678,62.7984068251922,,1453.74803146556,,,8952.21785033427,,,80.1,70.2,3.55819688008693,37.9717728010523,,,,,,,,,,,,,,,3.00877625988454,2.42010505564427,3.29946745733776,,,21.7253141324179,,,,,,,,13.1992361903458,12.6942729022468,10.787777932269,12.4156884291633,12.0398331042422,8.50902139335748,,,,,2.1482827027182,19.515,,,,,,,,,8.5080728564669,,,,16.2086349996072,84.8267373846049
1998-05-01,68.516909164999,62.7919992630238,79.9598893021115,62.278368530142,79.9590360801848,63.4387316307144,,1487.06574609619,,,8825.77591533247,,,79.7,70.0,3.57047944504648,38.4451967348634,,,,,,,,,,,,,,,3.00535323954226,2.45114989313007,3.32132635235601,,,21.5522555325099,,,,,,,,13.1838556694426,12.7414621707931,10.7923511049303,12.4659375321836,12.0530152187767,8.39707465266271,,,,,2.17547655026855,21.13,,,,,,,,,8.39736686263812,,,,16.2114070109173,85.2722761482047
1998-06-01,68.1617785630199,67.877808548546,79.0310628691194,61.9340551283668,79.0318530786405,63.0842844177214,,1466.57310266249,,,8634.23812515294,,,79.5,69.3,3.58493844064512,38.9919035135431,,,,,,,,,,,,,,,3.01227488995292,2.44091634825774,3.34103052285199,,,21.42105533552,,,,,,,,13.1878786537537,12.7484553058214,10.7970804021989,12.4665290217994,12.0724302599742,8.31591525373241,,,,,2.19389081399272,23.24,,,,,,,,,8.31585802026433,,,,16.2185568481809,84.9814552628034
1998-07-01,68.6397671991805,70.5002036947121,79.2327561513079,62.440931849258,79.2317199783677,63.1089953000391,,1481.08489019838,,,8272.39354066487,,,79.9,69.5,3.59818660686944,39.4666701210886,,,,,,,,,,,,,,,3.05280133365255,2.46008331287335,3.36609227887258,,,22.1593381450451,,,,,,,,13.1763641700038,12.7495746959578,10.8269789007517,12.4511842338652,12.0932356036179,8.33638331441314,,,,,2.19618510243062,21.365,,,,,,,,,8.33550130414166,,,,16.2251214255535,84.6530703116153
1998-08-01,68.9093649276226,69.4542676439753,79.7082388980395,62.6318951847582,79.7086345168665,63.4974623813496,,1393.19360134841,,,8479.85324615142,,,80.9,67.1,3.61117443116298,39.9759410067325,,,,,,,,,,,,,,,3.04690023938871,2.43051087490876,3.37287603380115,,,22.0459082812032,,,,,,,,13.2348419103612,12.8087719314792,10.8286976838401,12.546442140251,12.1089833138225,8.0123897201579,,,,,2.31374235916702,38.3,,,,,,,,,8.01279018715616,,,,16.2296430288037,86.2989134406324
1998-09-01,68.6045885563474,68.1260876628365,79.51680676784,62.3985555787114,79.5162333640021,63.37035550677,,1517.9476070696,,,8736.42762565036,,,80.2,64.8,3.62606472050614,40.6666700773012,,,,,,,,,,,,,,,3.06146039124864,2.54213555022426,3.37717516917953,,,21.9295988325871,,,,,,,,13.2137284395986,12.7972871261292,10.8364154788964,12.5377979902102,12.1305750568314,8.2321038145527,,,,,2.32615481135969,36.49,,,,,,,,,8.2314307965719,,,,16.2344039519718,86.1431180392646
1998-10-01,68.5195211860267,64.3498079995842,79.6994807660791,62.3770930406199,79.7012825104574,63.6530794171037,,1394.9598194586,,,8928.78034164808,,,79.8,65.7,3.64174130070316,41.3065209928314,,,,,,,,,,,,,,,3.08851748330828,2.52674283207039,3.395668155291,,,22.5734689392444,,,,,,,,13.1172798984751,12.6670448241854,10.8231573412808,12.3861163079129,12.1554929846889,8.36725659304748,,,,,2.30277961131269,35.25,,,,,,,,,8.36677721337468,,,,16.2377666450181,86.7468840817263
1998-11-01,68.6396019384283,64.841918247108,79.6712648505791,62.5315579319909,79.6702518355206,63.6559753563991,,1407.94755474565,,,9291.42443503748,,,80.2,65.3,3.65722456165588,41.8590653563912,,,,,,,,,,,,,,,3.0862021403777,2.47746015751872,3.41979219797503,,,22.6630775060362,,,,,,,,13.1062833880231,12.644711573028,10.7768197835812,12.361483655822,12.1709687845202,8.2711332686624,,,,,2.2966793999286,36.37,,,,,,,,,8.27183884628393,,,,16.2402668764812,86.6556515466669
1998-12-01,69.0087770358724,66.4010496822524,80.3663126795739,62.716701643939,80.3669634512748,63.985932047893,,1376.97702271638,,,9395.18699264993,,,80.8,65.2,3.6761491333103,42.4787882000731,,,,,,,,,,,,,,,3.09705736951412,2.39814861117805,3.44071523766385,,,23.4535412954547,,,,,,,,13.1017630852323,12.6672885246193,10.8173543864958,12.3946134554863,12.1913980489961,8.27344541669117,,,,,2.2911103905617,34.68,,,,,,,,,8.27358641877209,,,,16.2463986240668,87.0386271558288
1999-01-01,69.5225077621559,79.3291922783249,80.3105156382309,62.9357546566533,80.3097089883549,63.7925563231787,,1501.24208251612,,,9169.67137735508,,,81.2,66.1,3.69335425896684,43.2242927539463,,,,,,,,,,,,,,,3.08667367855189,2.47994520891717,3.4624695971324,,,23.1904145799771,,,,,,,,13.1642462590002,12.7302240743006,10.8132856531537,12.4578736169792,12.290950488596,8.30873641423398,,,,,2.30358380020612,36.25,,,,,2.4,2.4406063908914204,,,8.30889531035771,,,,16.2480765553552,87.4892058138053
1999-02-01,69.4394638490529,70.5311978421066,80.4978335035682,63.2327865112873,80.4955482252073,63.9509444344646,,1591.89295732741,,,9432.58045446597,,,81.1,67.0,3.7040889366008,43.8621563459667,,,,,,,,,,,,,,,3.10956972788324,2.47657657351552,3.44671331622686,,,23.3234559224169,,,,,,,,13.1491230481515,12.7018043920408,10.8055402382964,12.4184045482953,12.2596439847576,8.34802069791205,,,,,2.28723393535095,29.75,,,,,2.44,2.432735777459091,,,8.34863694906712,,,,16.2547349972711,87.9930212074836
1999-03-01,69.6801719116088,69.1608634592849,80.6219841801066,63.5670420684678,80.6216198825517,64.1824730652612,,1651.16979929388,,,9686.13903926479,,,82.9,70.9,3.71560796446589,44.4903615131082,,,,,,,,,,,,,,,3.1024439041049,2.60483604220885,3.44395940542281,,,23.4596623733334,,,,,,,,13.1216524127909,12.6629775772529,10.7958820924675,12.3756113704022,12.3009835209745,8.45665620408297,,,,,2.26139939489673,24.145,,,,,2.65,2.390595970316759,,,8.4567806748539,,,,16.2600746424785,88.2592053087698
1999-04-01,69.842544269805,64.9248230358491,81.3346725835867,63.6175788162772,81.3351758485163,64.8907694302618,,1636.96919362225,,,9728.28899204149,,,82.4,71.5,3.72665208505593,45.0454833182034,,,,,,,,,,,,,,,3.09553600143732,2.6614592669609,3.43343034724125,,,23.6924405650761,,,,,,,,13.102123391487,12.6577616554873,10.781928560667,12.3645916562005,12.3164658611192,8.55845382085071,,,,,2.23501063785168,22.09,,,,,2.75,2.379546134130174,,,8.55804474293316,,,,16.2639668183559,88.4243620659696
1999-05-01,70.1238358199359,68.7197770660893,80.6393408228106,64.1930304167473,80.6396319635505,65.2856802864952,,1674.4995137558,,,9957.63399958491,,,82.8,72.0,3.73699256044045,45.5648715520107,,,,,,,,,,,,,,,3.13187770550719,2.68630631758843,3.43134183209792,,,24.3331858371387,,,,,,,,13.1108375144409,12.6941089405563,10.77548887271,12.3940283396832,12.3357259300219,8.56982543161347,,,,,2.2697955198915,23.29,,,,,2.8,2.354228326145884,,,8.56985738438873,,,,16.2697567354733,88.8869561140918
1999-06-01,69.8108175069494,60.2820175126206,80.2745597999453,64.3267387848274,80.2738440237863,65.287337073746,,1711.09800845295,,,10130.3656809422,,,83.4,72.3,3.74609420593084,46.0318327046493,,,,,,,,,,,,,,,3.1418706494508,2.74202705902101,3.42802180419041,,,24.485501648243,,,,,,,,13.0827364874417,12.6636968509908,10.7718057731092,12.3521979912451,12.3472188138673,8.62035637681536,,,,,2.24474213439151,22.93,,,,,2.8,2.3513752571634776,,,8.62042567153431,,,,16.2735586170969,89.02322270015
1999-07-01,70.3552632298554,70.2574941530535,80.4417593512897,64.6106921005093,80.4432685505576,66.1979486808438,,1699.42616129456,,,10245.193504835,,,83.5,73.1,3.75621193217828,46.5065484980323,,,,,,,,,,,,,,,3.13417718520357,2.80084400042207,3.42932633613031,,,24.5403600574068,,,,,,,,13.070785386183,12.6631232970089,10.7713699609231,12.3467286735716,12.357824312195,8.55960203015538,,,,,2.24966059027371,23.05,,,,,2.8,2.33214389523559,,,8.55905232341077,,,,16.2756903928135,89.5494030220305
1999-08-01,70.2476831868383,65.0088101178721,80.6643084106047,64.6106782427488,80.6636845805392,66.6087720765608,,1805.61116737893,,,10450.3336105563,,,83.4,72.7,3.7642049842367,46.9439872992204,,,,,,,,,,,,,,,3.17984967163318,2.86119650026694,3.4220400335303,,,25.7145857031663,,,,,,,,13.0496377849358,12.63253180201,10.7330272890398,12.3230662396672,12.3800425995321,8.55198803269029,,,,,2.25195273710578,22.65,,,,,3.1,2.306577114263583,,,8.55216029961173,,,,16.2826896034251,89.8588078914007
1999-09-01,70.927673939874,67.3084889499771,81.5926627196834,65.0575841078078,81.5924613209787,67.0352852782654,,1851.40342457379,,,10306.9434736657,,,84.5,73.2,3.77217022432567,47.3989880691718,,,,,,,,,,,,,,,3.20268038055251,2.91137340238643,3.42928364303717,,,26.4980936214121,,,,,,,,13.0430795411641,12.6309741229296,10.7593302518804,12.3108326684658,12.3948435211799,8.60000083746633,,,,,2.23379769823158,21.845,,,,,3.1,2.302585092994046,,,8.59961393503777,,,,16.28958640325,89.3966301605918
1999-10-01,70.8095197620285,63.8144995489784,81.0439771207544,65.4002720085044,81.0434644093684,67.0509759576742,,1864.18562081162,,,10485.7711247851,,,84.4,73.3,3.77897709021879,47.7914044907401,,,,,,,,,,,,,,,3.16968783851607,2.92019416780705,3.42161505888558,,,25.9137855450206,,,,,,,,13.038867419738,12.6303185935481,10.8007154770619,12.2865159182467,12.4014042978989,8.65748931651777,,,,,2.25444623620655,19.825,,,,,3.18,2.2925347571405443,,,8.65722613376562,,,,16.290803416792,90.508908331064
1999-11-01,70.9857611628194,64.6470519755169,81.7162974724606,65.350559869538,81.7170378021893,67.5059733874283,,1773.34387882245,,,10837.4318158689,,,85.2,75.6,3.78531595331365,48.1578936129623,,,,,,,,,,,,,,,3.18999525263646,3.02019462225886,3.43208302762994,,,26.3278413310731,,,,,,,,13.0308770661195,12.6194174863873,10.7980126385867,12.2577052738109,12.4124918063367,8.77038503583569,,,,,2.24242697164093,19.585,,,,,,2.2617630984737906,,,8.77081712167428,,,,16.301677008798,90.9280864264418
1999-12-01,71.6673043357502,66.6253936485887,82.2778132216979,65.7366110126433,82.2774867548024,68.4226803450632,,1683.35685064015,,,10800.372633186,,,85.5,77.1,3.79146864181272,48.5316543594419,,,,,,,,,,,,,,,3.14541565941146,3.02309728932971,3.42663849568825,,,25.8088963972479,,,,,,,,13.0402194319969,12.6404130008267,10.7937385914326,12.2966192470325,12.4376624291685,8.86197429116239,,,,,2.24876160767598,18.755,,,,,,2.252343876557299,,,8.86207785527044,,,,16.3034550596811,91.6375517113638
2000-01-01,73.6348127108059,78.6099848229051,83.5191895716014,67.5282975008031,83.519667434199,69.6113305754717,,2019.30576412435,,,11386.7227607631,,,87.5,76.8,3.79866729096792,48.9244546070465,,,,,,,,,,,,,,,3.16921467141471,3.07412763173236,3.42376763972884,,,26.3103235083175,,,,,,,,13.0365363245373,12.6376538633612,10.7730417985219,12.2914951028845,12.4905093643179,8.81518499288686,,,,,2.24789590798646,19.11,,,,,4.3,,,,8.81531394661876,,,,16.3110728014359,91.5145265087181
2000-02-01,73.1810672281705,65.1546603936297,84.7196377382477,67.2001876317286,84.7262215194537,69.8574986505331,,1819.96994775014,,,11615.2660079506,,,88.0,78.3,3.80567527933197,49.318735771889,,,,,,,,,,,,,,,3.19811968504248,3.16841637347134,3.41748744051265,,,26.3572074265424,,,,,,,,13.0232886843515,12.6301650229612,10.734763270737,12.2828246182841,12.4434543511648,8.88915589079517,,,,,2.2292379994265,17.84,,,,,4.5,2.3456445824544927,,,8.88950584087223,,,,16.3163304764062,91.8293054528624
2000-03-01,73.1038496386941,65.5967658763848,85.2157908133686,66.7380957343856,85.2146678707332,69.9309344846795,,1673.57012660547,,,11120.963925538,,,88.2,78.5,3.81336957557558,49.5755857322086,,,,,,,,,,,,,,,3.20640647383318,3.13537250368534,3.42044476786655,,,27.0825017212649,,,,,,,,13.0405441583211,12.6441289592397,10.8225759005992,12.2890950764878,12.4328910958231,8.8685921545068,,,,,2.23622079756099,14.685,,,,,4.8,2.302585092994046,,,8.86867949454434,,,,16.3215506793072,92.1427519799326
2000-04-01,73.2482428036891,65.6182648968117,84.7231452368627,67.1776927012204,84.7234957403326,70.4322678732229,,1855.35603460754,,,11504.9355183667,,,88.2,77.0,3.82067941564525,49.8603600037664,,,,,,,,,,,,,,,3.21604602004979,3.01717200006212,3.43350377548129,,,27.3133614208437,,,,,,,,13.0474177149337,12.6634412528324,10.8016019293154,12.3102465003565,12.4450060984145,8.75593967409013,,,,,2.25273665734758,14.825,,,,,5.15,2.299580583973747,,,8.75563777209442,,,,16.3193449313695,92.671639793673
2000-05-01,73.8033835384974,69.9372031928676,85.3383442863642,67.5733727487177,85.3379740110991,71.0956420662507,,1893.21642663237,,,11802.6440110378,,,89.2,77.6,3.82839393008671,50.168549626071,,,,,,,,,,,,,,,3.2333662274367,3.12355576880829,3.44545846514076,,,27.9560965467767,,,,,,,,13.0575062837369,12.6816814256786,10.7928339328765,12.3314591541969,12.4630581624823,8.64481092194808,,,,,2.25294235291787,17.025,,,,8.95,5.5,2.300583090323373,,,8.64479386228005,,,,16.3303370245778,92.841843160836
2000-06-01,74.3531841547882,69.3204479527049,86.1049981509528,68.0115043127852,86.1051405262607,71.3961317554356,,1965.61769491578,,,11852.5359443713,,,90.4,77.8,3.83634963184273,50.4563908514261,,,,,,,,,,,,,,,3.33732782414505,3.22907293579221,3.46626427464628,,,30.699581843605,,,,,,,,13.0721170116529,12.7025521232859,10.7929767597482,12.3525513996027,12.4776901945527,8.79432032273019,,,,,2.2870034595409,18.0,,,,8.99,5.5,2.303584593327129,,,8.7943305196437,,,,16.3364291336475,93.0226063444325
2000-07-01,74.7744964276039,63.5032290068936,86.8366863076194,68.381201807627,86.8368771373777,72.4225246982093,,2081.15910281323,,,12362.0763394656,,,91.2,77.7,3.84376849586759,50.7785209397383,,,,,,,,,,,,,,,3.33342094650957,3.13757408027474,3.4682463396828,,,31.2872597297466,,,,,,,,13.0749460026364,12.7148841166369,10.789834012446,12.367280066332,12.495428852568,8.77908262821222,,,,,2.24690808905737,14.46,,,,8.88,5.7,2.2945529212967815,,,8.77889384714826,,,,16.3413936522463,92.8667732319635
2000-08-01,74.348690023934,65.2722473029817,85.8456796652143,68.2773875958173,85.8459936504483,72.1643710686786,,2173.01112875592,,,12479.234970342,,,90.3,78.3,3.85047740914013,51.0549181702171,,,,,,,,,,,,,,,3.29857895859981,3.14887757293929,3.48112983332848,,,30.7932691193959,,,,,,,,13.0694169139155,12.6918324635578,10.7880497208264,12.3419971836336,12.5046862004906,8.82419491374819,,,,,2.2297265859887,16.555,,,,8.63,6.5,2.278292400425001,,,8.82429435807132,,,,16.345155725995,92.6331115170473
2000-09-01,74.3288227723945,65.9093775641696,85.4326473419032,68.5875837551727,85.433543639555,72.6557156373536,,2152.03777781396,,,12173.2536432725,,,90.8,78.0,3.85605319121779,51.3076232037405,,,,,,,,,,,,,,,3.34245285553515,3.16239057993042,3.47477998605426,,,32.1685804722789,,,,,,,,13.0761199952703,12.7396670467472,10.7881980162829,12.4009113280888,12.516299523302,8.84005236976523,,,,,2.23890447117702,16.97,,,,8.14,,2.2752138961979136,,,8.83988196818171,,,,16.3461183474554,92.9772011076505
2000-10-01,74.4012001888901,69.7472214598635,85.27751367826,68.6125217127058,85.2768788378037,73.4674796317636,,2169.04922124124,,,12780.5517820838,,,91.3,77.7,3.86269412738916,51.6198482039569,,,,,,,,,,,,,,,3.3765173000252,3.2143730238481,3.48704116464669,,,33.3410651381314,,,,,,,,13.0612557383044,12.7253899798646,10.7920001861358,12.3931905106446,12.5329230803688,8.82174263320583,,,,,2.24910290596294,18.16,,,,7.93,,2.2752138961979136,,,8.82159175033331,,,,16.3503320241351,92.6629459185128
2000-11-01,74.1834065499799,65.5431828685079,84.3860374002557,68.9786588879764,84.3857276607193,73.6003404194935,,2197.33769153986,,,12714.5610688668,,,90.8,76.6,3.86796901418033,51.9888456888566,,,,,,,,,,,,,,,3.31978493099222,3.19058159245715,3.47898004802669,,,31.1676876930084,,,,,,,,13.0693101627318,12.7383745303768,10.7931091738005,12.3943855642333,12.5494339918724,8.68615074164178,,,,,2.2421006991992,18.845,,,,7.62,,2.2669579153508947,,,8.68626502375665,,,,16.3521110978552,92.6345312470226
2000-12-01,73.4902601888239,71.3662503454986,82.2987147578178,68.323475688201,82.298369471127,73.0118074851692,,2106.76362451689,,,12865.7570698713,,,89.0,75.4,3.87664859198744,52.2878662997879,,,,,,,,,,,,,,,3.40838684271684,3.05364531882215,3.4938579229088,,,34.5764946180233,,,,,,,,13.0649419324676,12.7578622347862,10.7806355654202,12.4064365904827,12.5476817069693,8.62841604550903,20.0682473033762,21.3007517758595,21.3803142941854,21.4025071880758,2.2587457622817,18.855,,,,7.3,,,,,8.62850963387051,,,,16.3469448226014,92.3624746795695
2001-01-01,74.1727461512398,70.0619974207836,85.0342826852924,67.9145185722003,85.0343919992583,73.3379871380161,,1929.27865082093,,,12120.762227674,,,90.6,75.8,3.87776800496516,52.4968214902109,,,,,,,,,,,,,,,3.57789749041934,3.19759630057054,3.48746846710212,,,41.418987852965,,,,,,,,13.0784766636395,12.7767738087011,10.7445688841999,12.4207536181548,12.6335207281395,8.78774087219053,20.051666543869,21.2848589603172,21.383837821684,21.4006690929158,2.25553216385309,18.35,,,,7.63,3.8,2.3608540011180215,,,8.78786007770173,,,,16.3509203843358,91.8602422366369
2001-02-01,73.578798009533,65.0437528554371,84.3950134900188,67.8143055866292,84.3923219714885,73.1313635040122,,2005.18753572272,,,11937.7908602508,,,89.7,75.2,3.87590060273795,52.7576409331168,,,,,,,,,,,,,,,3.4149996529168,3.12279653130267,3.46099349038136,,,34.9981451077003,,,,,,,,13.0769559669321,12.7824457754431,10.7803787168777,12.4166282459433,12.5901545607809,8.6850358021143,20.0577899608277,21.3056124195615,21.4014264137336,21.4160331591658,2.26806140723372,17.39,,,,7.74,3.7,2.3561258599220753,,,8.68511650013561,,,,16.348427958161,91.2986067674771
2001-03-01,73.4256813811185,70.1504893216357,83.3374139068546,68.058801270931,83.3391417008347,73.2382760473311,,2017.60356889421,,,12410.3785759492,,,89.1,75.1,3.88388208043061,53.0246706092332,,,,,,,,,,,,,,,3.36309855006798,3.0154353317816,3.4965802559787,,,33.2419700119583,,,,,,,,13.0861329086321,12.7966172466428,10.7658248913065,12.4352680938436,12.5528918749857,8.60571033275534,20.0530803179317,21.3151890567679,21.4173537732786,21.4288125948581,2.2578074796895,16.85,,,,7.1,3.3,2.33214389523559,,,8.60578519665605,,,,16.3435295523435,91.0941231489216
2001-04-01,73.2755962274984,72.0100372310952,82.5999284138044,68.100298249847,82.5990740086707,73.0014115344105,,1959.86003330113,,,12220.7941001823,46.9046295069296,,88.4,74.6,3.89020340738471,53.2960013032943,,,,,,,,,,,,,,,3.34920259014411,2.98816635506657,3.51351373751179,,,33.2014159532117,,,,,,,,13.0893774160633,12.8064695005227,10.7684512112065,12.4351511348591,12.5868908225468,8.65487263577763,20.0690845749055,21.3350553993356,21.432737804691,21.4456131091075,2.23352859587918,15.64,,,,7.0,3.1,2.3085671646715933,,,8.65472907294576,,,,16.3420224005148,90.7440007292895
2001-05-01,73.1710269117553,71.8243042203663,83.1504863276636,67.6946415862375,83.1507539475747,73.1965128446935,,1876.93580229532,,,11627.1442584287,44.4458150453228,,88.0,76.4,3.89621061191983,53.5694454444557,,,,,,,,,,,,,,,3.31097708762903,3.00234263607453,3.51691856594186,,,32.5077229330029,,,,,,,,13.0821019657757,12.7995753171258,10.7679049778144,12.4258410180106,12.5836520652865,8.74737230170446,20.0759732803187,21.3393782024609,21.4477379627889,21.4602587147249,2.21985384256828,12.31,,,,6.89,2.54,2.256541154492639,,,8.74734447559849,,,,16.3430498752448,90.2650147147283
2001-06-01,73.2416745704145,74.5766856596983,82.9333250776737,67.7621496369572,82.9341696372915,74.5582342869933,,1875.08733927738,,,11805.0341084406,44.0156908444692,,87.6,77.1,3.90033872692599,53.8579397930599,,,,,,,,,,,,,,,3.230497618285,2.97284159429713,3.50786105798353,,,30.8345734836988,,,,,,,,13.0741829378686,12.7939937996217,10.7675351242008,12.4196686865569,12.5922803095026,8.76460552610467,20.089192049532,21.3528684423046,21.4537922769446,21.466714248671,2.20693216778587,11.115,,,,6.7,,2.2512917986064953,,,8.76459153630951,,,,16.3375342542185,89.8244166154478
2001-07-01,73.1079198451142,69.0529840793205,82.9350433396058,67.7050228882356,82.9342779909982,73.3218375611174,,1874.76821642514,,,11377.193569268,46.1382741594344,,87.3,76.7,3.9011232730651,54.0786988476939,,,,,,,,,,,,,,,3.19493234369362,2.93690773044812,3.50956080379638,,,30.033673417182,,,,,,,,13.0699643655394,12.7950574244045,10.7607988996656,12.4169085983605,12.606532267705,8.78600512757047,20.1134788924846,21.3714527659643,21.4647212717266,21.4783928890456,2.22223598437863,10.22,,,,6.15,,2.2512917986064953,,,8.785987714433,,,,16.3350917097592,89.3140217977753
2001-08-01,73.5116362801976,75.2608977366081,82.9394068802213,68.0145261758385,82.9385183981893,73.7382051882593,,1794.14633872918,,,11499.7405013494,47.3863237470856,,87.5,76.9,3.90724740670772,54.3066695011414,,,,,,,,,,,,,,,3.20936697047634,2.94084930834728,3.53262438619028,,,30.6738887989527,,,,,,,,13.0797936158444,12.8015659406036,10.7576857820131,12.4238935747362,12.6254847266289,8.76713768046983,20.1428023313554,21.3965915753263,21.4882454115081,21.4997251598992,2.22785011034733,10.0,,,,5.74,,2.2417729535972883,,,8.76715112104031,,,,16.3335386493005,89.3189314414193
2001-09-01,73.4113867135098,73.3271612090795,83.2259033504147,67.9065197010621,83.2260144576333,74.0308580558365,,1783.08458707843,,,11535.1281940146,44.6647401653797,,87.0,75.6,3.91464918289571,54.5484707760813,,,,,,,,,,,,,,,3.15635214075931,2.9050117045757,3.55124898208394,,,29.4213417902187,,,,,,,,13.0926423311508,12.8237942269098,10.7648431783277,12.4444376938665,12.6342396133114,8.67412292206768,20.2030115974496,21.4084244101379,21.5027931318,21.5145868116148,2.24252286589019,11.8,,,,5.69,,2.253394848803274,,,8.67413080558819,,,,16.3268308601407,88.7930976678424
2001-10-01,72.5862388643069,74.3981750953302,81.6004218400456,67.5277734568193,81.60033031773,73.8166646887663,,1799.80573357058,,,11441.9036546568,42.2943895489882,,85.5,74.7,3.91872901322965,54.7326875628775,,,,,,,,,,,,,,,3.12624381912323,2.81461502921829,3.5504660023596,,,28.6066107239108,,,,,,,,13.0810636031482,12.8082952559584,10.7594470734441,12.4326391069766,12.6475638780055,8.66748403664246,20.2088388676183,21.4222998776164,21.5156725850696,21.5243795018439,2.21728463304187,9.35,,,,5.4,,2.2512917986064953,,,8.66737655442766,,,,16.3265937084108,88.6229855177605
2001-11-01,72.8694604617524,76.8858239156055,82.3154661051078,67.4042613870081,82.3152825496971,73.9301057223935,,1752.22874799583,,,11273.4507105518,42.8041885287475,,85.6,75.2,3.91854015427084,54.8978905479174,,,,,,,,,,,,,,,3.18872740251749,2.77839600457556,3.53915517405124,,,29.4249370824258,,,,,,,,13.0747699407683,12.821899293262,10.7814063639755,12.421069700577,12.6549556778063,8.70936240562301,20.2307788397466,21.4280735518027,21.52910642395,21.541277393133,2.22809308574069,8.8,,,,5.1,,2.2353763433005955,,,8.70938938169326,,,,16.3262758031782,87.9791086176425
2001-12-01,72.7189993451681,71.2921822133652,81.7546468005125,67.5145052318249,81.7551887913822,74.2281972869309,,1811.86121327509,,,11624.6671363851,42.7234964116185,,85.2,75.8,3.91935239235678,55.0535298512145,,,,,,,,,,,,,,,3.14487715959164,2.77379370111105,3.5252505416308,,,29.0044081428256,,,,,,,,13.0642813001751,12.8134306264708,10.7659440684687,12.4030254387374,12.6646211453385,8.74924878548447,20.2359810956123,21.4216677441549,21.4957696640113,21.5176932669037,2.21140667062991,7.9,,,,5.0,,,,,8.74926091517055,,,,16.3248068478342,87.9650647106188
2002-01-01,71.8278884688627,70.5873365253254,80.9751167616122,66.4080790075773,80.976246094805,73.982164457244,,1766.44655631988,,,11453.0930117835,36.8010545467871,,83.9,75.7,3.92573709213945,55.194418395038,,,,,,,,,,,,,,,3.15455282043994,2.79643667043587,3.55252468575712,,,29.2970479998759,,,,,,,,13.0488582533274,12.8019073945959,10.7726540838588,12.3762074218674,12.7539896019723,8.83425860035908,20.2401566639918,21.4156515150729,21.5044593357724,21.5211658360257,2.20239983870772,9.29,,,,4.55,,2.277267285009756,,,8.83430890552368,,,,16.3238785539214,88.4637154621082
2002-02-01,71.760099028663,71.1544551530788,79.3222437297244,67.3387510791541,79.3195800642922,73.1148297107468,,1855.08110928946,,,11584.7100206668,38.2620867854282,,83.7,75.8,3.92391311072326,55.4669983369648,,,,,,,,,,,,,,,3.12616967870389,2.82867160363729,3.49596571153704,,,30.116550707367,,,,,,,,13.0475553773726,12.8041321427783,10.7769638704609,12.3714987796498,12.7088480259032,8.79225150494807,20.2502972576713,21.4223258998062,21.515325431536,21.5296114332745,2.20972337930908,8.45,,,,4.59,,2.2617630984737906,,,8.79227627061882,,,,16.3251552299651,88.4481530449724
2002-03-01,72.3606478512769,70.3514954321632,80.2256721790747,68.0031653370144,80.224504399659,74.8728151114693,,1780.14004512965,,,11828.7523171891,39.478456183477,,83.9,77.1,3.92994532897909,55.6523246811879,,,,,,,,,,,,,,,3.16718725724215,2.96054608727358,3.5051289489424,,,31.9590076328933,,,,,,,,13.0514742653032,12.8082498001424,10.7768067010612,12.3797679192181,12.6562450456942,8.86914846698663,20.2854249978122,21.4328743257389,21.5289759014151,21.540546346166,2.20254775232981,8.45,,,,4.46,,2.2502386126218363,,,8.86918277028842,,,,16.318696105471,89.1176712341097
2002-04-01,72.9125430217939,71.789636499979,81.6043229193733,68.2136686226823,81.604993918457,75.2010752607064,,1772.06713013984,,,12258.1112690562,40.0624568281934,,84.7,78.2,3.93645354686819,55.8571584550484,,,,,,,,,,,,,,,3.21709183278865,3.03241041277929,3.51419515306723,,,33.4330441425397,,,,,,,,13.0551011243385,12.8215333502869,10.778128587773,12.3915692558564,12.6980162720893,8.88538768472818,20.2765190182402,21.4309379669734,21.5331888463347,21.5474952406374,2.24254483685282,6.565,,,,4.26,,2.2460147415056513,,,8.88538124080787,,,,16.3276642565118,89.5614077303129
2002-05-01,72.9725131772527,71.5377813880915,81.0288204387983,68.4990262265042,81.0281646154938,75.0676231514011,,1937.13792212507,,,11794.4065209371,40.9306036844708,,84.5,77.1,3.94270250409359,56.0302099941078,,,,,,,,,,,,,,,3.23153965698209,3.05310083597851,3.53014604656846,,,33.9705125040815,,,,,,,,13.0613536585246,12.8348223504169,10.7789238369728,12.3986219234168,12.7290451369269,8.82173704945163,20.2824438452112,21.4491307289122,21.5414572409671,21.5530216232516,2.27273135487303,8.15,,,,4.28,,2.2648832258100344,,,8.82170773240002,,,,16.3294546547884,89.9173458979244
2002-06-01,72.9134010963175,70.1208109122913,81.2219932352631,68.3980410891083,81.2226773229049,75.3460222466366,,1727.22402342744,,,11739.9156148791,41.0417050709341,,84.5,76.0,3.9491207497647,56.2058913381421,,,,,,,,,,,,,,,3.25898865770031,3.08011068389986,3.54413563698575,,,34.8294751679085,,,,,,,,13.0697878743866,12.8580248728006,10.7950190211653,12.4228887075342,12.7362403179786,8.74653161974036,20.2956509677691,21.4503933435927,21.5472961259516,21.558789290754,2.30142390383719,9.96,,,,4.17,,2.2741856184723477,,,8.74652126949708,,,,16.3268373047088,90.5965370927793
2002-07-01,73.1969105853929,71.7406196452476,81.4326730967516,68.6188278291248,81.4325586747462,74.9308567345615,,1712.68777496894,,,11922.5499972776,41.6099372862546,,84.4,75.9,3.95481289817831,56.4023535240665,,,,,,,,,,,,,,,3.27353717200893,3.08901798207267,3.56472811391295,,,35.6588423586066,,,,,,,,13.0763102880439,12.8712388085583,10.7971989843903,12.4318142137977,12.7414598771739,8.71680599781788,20.3069849826691,21.4597943356159,21.5538069912074,21.5656063806913,2.29116962309158,7.7,,,,4.06,,2.28949985344539,,,8.71679904439737,,,,16.3314335470581,90.6683912795756
2002-08-01,73.7963269541404,73.3618191184482,82.3754972858787,68.9739523176795,82.3774751611973,75.0619704839382,,1656.00453135539,,,11959.1319414013,42.3070816612508,,84.9,76.3,3.95852469903237,56.6238053519053,,,,,,,,,,,,,,,3.26209403339056,3.11400202699436,3.54846093326435,,,36.1761646732329,,,,,,,,13.0921412351867,12.884273415731,10.8033599023091,12.448477868072,12.743698379908,8.75332640506601,20.3127276600101,21.4581342736852,21.5565490312768,21.5661650098549,2.29956034943673,7.6,,,,4.06,,2.2874714551839976,,,8.7533227914271,,,,16.3285607227203,90.7126012710226
2002-09-01,73.6117983981943,72.0458524460567,82.3430212254467,68.7689879538254,82.3418969250475,75.1087058707707,,1654.12849462549,,,11892.4072563657,42.0264958939452,,84.3,75.8,3.96239392194745,56.8200524011593,,,,,,,,,,,,,,,3.28958656246086,3.16508644526136,3.55471366588262,,,37.2477301264636,,,,,,,,13.0999873490119,12.9023632622215,10.8068765977233,12.4684913086355,12.749816597428,8.71656035296211,20.3254299232724,21.4510743487041,21.5562275715571,21.5672906391057,2.31378599101197,9.175,,,,3.94,,2.3045830956567186,,,8.71655849889592,,,,16.3304752352812,90.7701461039328
2002-10-01,73.9618305560096,75.5301398513067,83.2592035223197,68.7198834891325,83.2596799059021,75.4503321808787,,1692.09861612678,,,11591.260078549,41.8237181647495,,84.9,76.1,3.96612947832931,56.9952172488505,,,,,,,,,,,,,,,3.32295473003415,3.14699195841358,3.55438956695369,,,38.6348432971734,,,,,,,,13.1172998193499,12.9223504810662,10.7943068493812,12.5041277200568,12.7546036958807,8.73797586122659,20.329344105785,21.4479242287324,21.5595576273303,21.569946288954,2.31010686617674,8.57,,,,4.12,,2.312535423847214,,,8.73797476680962,,,,16.3293501476635,90.6275315525189
2002-11-01,73.5142417992004,70.0569357953028,83.2906054981099,68.3099671691141,83.2905182871638,74.6953976652833,,1722.24310867391,,,11783.133214079,43.3607411666962,,84.7,75.7,3.97002590740376,57.1414387143314,,,,,,,,,,,,,,,3.34617813228761,3.13957380554278,3.58604630267828,,,39.3320012610122,,,,,,,,13.127984223633,12.9337808092566,10.7934865793209,12.5058645625374,12.7610898234169,8.75095520839759,20.3391580722022,21.4882481666473,21.6027890011443,21.6148303590354,2.3184605051417,7.89,,,,4.1,,2.3194422100604686,,,8.75095138246022,,,,16.327906160592,90.9964701478554
2002-12-01,73.5532282662342,70.729814987496,82.4419589568304,68.643290170885,82.4407337326069,74.5843207532893,,1699.53762907111,,,11464.5264051919,42.4144395740599,,84.6,76.1,3.97399745865338,57.2892603660677,,,,,,,,,,,,,,,3.3668437440607,3.28473921462439,3.59597966718634,,,40.4201024265174,,,,,,,,13.1384757462582,12.950180132651,10.7937993358313,12.5342943687486,12.7685837986751,8.70768827283101,20.3569007119594,21.4799807142843,21.5739058582299,21.5926309285032,2.34186758398567,8.535,,,,4.13,,,,,8.70767236553907,,,,16.3295104638148,90.4849981934573
2003-01-01,73.5170950349692,72.1908954974435,80.8275620389889,69.0672076667526,80.827439707932,75.5869173643009,,1671.65778268666,,,11752.4173189558,40.7325815920623,,83.4,75.9,3.97669129508587,57.4522064034709,,,,,,,,,,,,,,,3.40010487927176,3.3773146092084,3.56418027135831,,,41.6589957486724,,,,,,,,13.1519245466397,12.9759626333153,10.770675512004,12.563887984022,12.7714985880889,8.66832520846286,20.3674890866075,21.4982163820862,21.5919230115556,21.61082134901,2.38324521458785,9.74,,,,4.3,3.0,2.3702437414678603,,,8.66833951911553,,,,16.3296855166552,91.1536148555075
2003-02-01,73.9543161053814,72.2199746001593,82.6158649374567,69.0163939608993,82.6129221766418,75.6348149207801,,1599.11482378063,,,11640.393189687,39.7899812168436,,83.9,75.7,3.97814558944108,57.6333424743402,,,,,,,,,,,,,,,3.47973685231943,3.4553673055304,3.54951958261349,,,43.1257497173199,,,,,,,,13.1567963473689,12.9844730055112,10.7950975062411,12.5692590741561,12.733320482455,8.66526558635492,20.3703583376783,21.5071404118403,21.5910349948424,21.6057750408309,2.40203480229026,10.15,,,,4.31,2.83,2.3702437414678603,,,8.66527183486206,,,,16.328834688298,91.188373527045
2003-03-01,73.4153301731972,73.5070220298614,82.0673743471005,68.5182187271086,82.0661043448844,75.8461838197064,,1683.76152854254,,,11603.2808762897,37.5021528886007,,83.0,74.4,3.98471817240661,57.835066421351,,,,,,,,,,,,,,,3.53851398342289,3.33267700167142,3.58712179050176,,,46.0668525861594,,,,,,,,13.1556369578965,12.9862580702768,10.7886976066148,12.5628532923843,12.7806664144804,8.65889689155412,20.3913776811111,21.4905923250828,21.5887012419762,21.6021837856132,2.3796162909719,9.325,,,,4.14,2.52,2.382320061012899,,,8.65891773161086,,,,16.329091399048,91.0445455889292
2003-04-01,73.5045649094716,73.0791677640274,82.2590600353698,68.6187370253817,82.2579049612765,76.2329005107075,,1707.30581920364,,,11538.7308357989,40.2158855195062,,83.0,74.8,3.987487644544,58.0309299228616,,,,,,,,,,,,,,,3.44880207946027,3.17997253256187,3.58024442406565,,,44.0874793263186,,,,,,,,13.149968656017,12.9870483576335,10.8081780735843,12.5518775600669,12.7596483214388,8.7517362812554,20.3862752149985,21.497423761354,21.5921655473172,21.6065926873654,2.33281634371459,7.075,,,,4.03,2.3,2.379546134130174,,,8.75173538621516,,,,16.3266594274432,90.5122032812241
2003-05-01,73.2898891437855,71.7052887251148,82.4858175261186,68.2807263242361,82.4922033824623,76.0215323698747,,1740.85806907291,,,11300.3424357394,40.2869094724248,,82.8,75.2,3.98934148236169,58.2455452962113,,,,,,,,,,,,,,,3.44822817694648,3.18242821175176,3.58642622742545,,,43.1511220590943,,,,,,,,13.1779063115661,13.0213403743962,10.815120201475,12.5912260403753,12.774643867593,8.78975814358623,20.4000542177791,21.5094206919964,21.6046035795037,21.617350103162,2.34123674857159,5.425,,,,4.25,2.2,2.3702437414678603,,,8.78974790413427,,,,16.3238578134178,90.5274080653676
2003-06-01,73.8966783286351,76.2815587130347,83.0205691834751,68.5573042417265,83.0193696500881,76.5670693552486,,1670.96574631816,,,11450.5543314358,40.9153355809177,,82.7,75.4,3.99200800082322,58.3944161215944,,,,,,,,,,,,,,,3.46465408217474,3.26201739789704,3.59272019856619,,,43.7320481016973,,,,,,,,13.1680533199974,13.0071887869059,10.8243579477727,12.5567269994139,12.7862751483468,8.85556152916101,20.4003781349363,21.4874306294368,21.5874489551554,21.6014136428574,2.34638705999345,5.5,,,,4.18,2.1,2.365559892155434,,,8.85555978704599,,,,16.3252697260688,90.5138780982499
2003-07-01,73.9164404300109,76.2913949967173,82.784831763035,68.7483009399842,82.7856094850406,77.0065858571742,,1668.07184573383,,,11575.4162491778,40.956142512203,,82.3,76.1,3.99540526078998,58.5746605478571,,,,,,,,,,,,,,,3.47829401943027,3.28042064303903,3.59551878206862,,,43.5382743256389,,,,,,,,13.1611811643842,13.010957912769,10.8373631495006,12.5537768596031,12.7930668214387,8.92200959926041,20.4110174732192,21.5141115744526,21.6131302263575,21.6298012939244,2.36412471842066,4.985,,,,4.13,2.0,2.367436065313662,,,8.92200849990641,,,,16.3235863880848,91.1179508167771
2003-08-01,73.2318233463078,74.2085843106927,82.5697198346671,67.9497775997287,82.5687216215288,76.2076832898612,,1704.79443925406,,,11436.2423661799,40.8999731254708,,81.3,75.6,3.99824095159297,58.8177071098571,,,,,,,,,,,,,,,3.48934980856848,3.26496183556733,3.58759116187848,,,43.2545541875133,,,,,,,,13.1858907976254,13.0391878813105,10.8546491188963,12.5767680285615,12.7994266415003,8.95691083500582,20.4202736258397,21.5143090255564,21.618194540891,21.6362230779774,2.40662413438912,5.075,,,,4.04,1.8,2.3813962734183356,,,8.95691064912919,,,,16.3198286161818,91.049224768409
2003-09-01,73.4465456355581,75.7056280909477,82.3674220892295,68.4210048105593,82.367546938303,76.4285962934635,,1708.68751776861,,,11814.783085202,40.1428708798743,,81.4,74.9,4.00168752703931,58.9242340262566,,,,,,,,,,,,,,,3.51583089573892,3.27794174960072,3.60030287426888,,,44.2981127820102,,,,,,,,13.1955989556498,13.0462415263512,10.8634383940691,12.5568439812684,12.8106231590346,9.00968358782542,20.4261575343498,21.5217958814273,21.6322174011227,21.6499000103062,2.38812828884081,5.0,,,,3.99,,2.386006701133118,,,9.00968376549703,,,,16.3242338551551,91.6943618529549
2003-10-01,73.754976707017,70.0880776043012,82.9785198570695,68.6838823790431,82.9774577906636,76.4297898935703,,1633.72680009962,,,12043.3711974258,40.5736568595267,,81.6,75.5,4.00453644923822,59.0877346321644,,,,,,,,,,,,,,,3.5231340279925,3.3649110111089,3.62241972000471,,,44.4434855100869,,,,,,,,13.1944386326083,13.0498766897652,10.8769437382644,12.5610430197958,12.8142326769098,9.02761344972097,20.4430564192058,21.5158321510203,21.6258201323033,21.6415229767899,2.39666871077526,5.25,,,,3.91,,2.3978952727983707,,,9.02761341274475,,,,16.3267557362038,91.8169536773788
2003-11-01,73.892449212572,74.974084289707,82.4414139084152,68.9571249495794,82.4404514940713,76.7119612264432,,1707.86831238548,,,12248.128981317,40.271993700408,,81.6,75.6,4.00860553970129,59.2825407999024,,,,,,,,,,,,,,,3.52713717816716,3.38177472010109,3.62844390242579,,,45.3705508737946,,,,,,,,13.2073829476971,13.0688009294112,10.8875459388076,12.5712981643213,12.8200951712085,9.06407192578178,20.4590346020265,21.5070950144472,21.6206495671913,21.6373993914416,2.43581464000013,6.35,,,,3.79,,2.4078456036515385,,,9.06406912734898,,,,16.3269665766644,92.2753021564229
2003-12-01,74.7780964790213,76.001435052624,83.8530172794188,69.5802822561592,83.8518629055519,77.794579105943,,1694.17180961067,,,12184.8646382626,39.0728239145638,,82.6,75.6,4.01215777642764,59.4778710785264,3.88460459778968,,,,,,,,,,,,,,3.55163503582851,3.44076151282323,3.63993985825396,3.8895796664976,3.8846045977904,46.0613143407816,,,,,,,,13.2091622719573,13.0726503090102,10.9028109752565,12.5678693462877,12.8226123004996,9.0646537103925,20.4724451714256,21.5469209111642,21.6473606841641,21.6671127679698,2.41847230757466,6.2889,,,,3.83,,,,,9.0646430942624,,,,16.3314755533745,92.234172079296
2004-01-01,75.1300606438261,79.0248831016953,84.1119514538894,69.30842168105,84.1139065189398,76.4299372994663,,1696.53127574935,,,12365.2069129405,39.5139580264471,,83.0,76.5,4.01781978011238,59.6406667017747,3.89140984979035,,,,,,,,,,,,,,3.56488066943211,3.43184612847935,3.66775319727088,3.89688131616885,3.8914098497912,46.7504523011705,,,,,,,,13.2174760657159,13.0837994688462,10.914935303146,12.5638853465944,12.8135527465277,9.11919783992631,20.4884981134734,21.5597828090311,21.6538978909502,21.6734266219605,2.39605328140171,5.28,,,,3.89,3.2,2.4362414778067194,,,9.11920253598113,,,,16.3315378276691,92.3128644889974
2004-02-01,75.3635865082319,79.5947685717823,84.2247232455501,70.0119659938857,84.2288417431199,77.4044159870235,,1717.02017661054,,,12658.5141546579,40.0283514199501,,82.7,76.5,4.02246018857729,59.8242129345729,3.90254980075763,,,,,,,,,,,,,,3.59654381727146,3.46853470283305,3.69179775120276,3.90677427364241,3.90254980075797,47.1846446051192,,,,,,,,13.2326302014976,13.101944620787,10.9275689985579,12.5715304061823,12.7959113514536,9.19514342150936,20.4991682338925,21.5475981296043,21.6476037884696,21.6706156549533,2.40376495793801,6.6799,,,,3.9,3.3,2.4362414778067194,,,9.19514448174773,,,,16.3312658005493,92.7282727583904
2004-03-01,76.2752692405694,77.1939330311985,85.9705150454672,70.8773306812479,85.9675909595684,78.0550905940746,,1753.21227875273,,,13017.929813991,39.1258678313765,,84.1,77.9,4.02593357961352,60.01418623515,3.91158522290968,,,,,,,,,,,,,,3.61740009092293,3.47057891887907,3.68332811290902,3.91521028147191,3.91158522290942,47.9509807375702,,,,,,,,13.2497277622385,13.1229126048052,10.9427363653458,12.5779060572497,12.8371475603254,9.24474435611551,20.4996939456757,21.5545575707625,21.6560248242216,21.6844732468006,2.41092613893933,6.25,,,,3.8,3.3,2.4362414778067194,,,9.24475672750365,,,,16.3396662314507,92.5278753164125
2004-04-01,76.0259996732113,76.0654166493074,85.8698011915728,70.515519086252,85.8689126245862,77.7033713047435,,1794.3174358914,,,12752.2299020542,39.9004371388966,,84.0,77.0,4.02861464788997,60.2092586772012,3.92081655646619,,,,,,,,,,,,,,3.61907818349051,3.48371230805303,3.67861541310792,3.92436899113291,3.92081655646615,48.9261320251841,,,,,,,,13.260753569627,13.1398589368518,10.9614585011715,12.5863363177253,12.8282713815885,9.17913493353281,20.51523260417,21.5614561679992,21.6627298140022,21.6808822334989,2.43129340376992,6.4241,,,,3.9,3.3,2.437115985951652,,,9.17913401835994,,,,16.3405427116316,92.8793986100358
2004-05-01,76.1549125633375,74.5268924172601,85.4807507917512,71.0408264748706,85.4905660449311,77.7217355096355,,1819.66643196033,,,13419.8909132763,40.4684887515173,,84.1,77.1,4.03203513252099,60.411543246631,3.92674919125685,,,,,,,,,,,,,,3.6545729401568,3.55430725348155,3.67326333569077,3.93110280733317,3.92674919125623,51.2928165843266,,,,,,,,13.2821258236498,13.1651851938633,10.984822753841,12.6038315374891,12.8265773110571,9.20477556098825,20.5377090046535,21.5563041276978,21.6652618553966,21.6818727550301,2.44138574717204,6.875,,,,3.97,3.7,2.451005098112319,,,9.2047741341106,,,,16.3421775181432,93.6154890729697
2004-06-01,76.4970912069582,73.6765967466221,86.0079361484514,71.2594379821465,86.0061713033811,77.776778670616,,1913.04129532639,,,13235.1276837763,40.7638295018271,,83.9,77.2,4.03582789585787,60.6310643193351,3.93224013526217,,,,,,,,,,,,,,3.70007113210938,3.54481488935759,3.69950478790392,3.93608763346975,3.93224013526132,53.7088049270103,,,,,,,,13.3009068995128,13.1840725874708,11.0087853972783,12.6072774808308,12.822633558804,9.24368272171603,20.5533503410554,21.5697219506383,21.6816130188974,21.7032958646994,2.44682291006501,7.1781,,,,3.96,3.9,2.451005098112319,,,9.24368115086081,,,,16.3447867469923,92.7466988285034
2004-07-01,76.0491939924036,73.0438005999007,85.5911656223207,70.7917193693367,85.5937465023076,77.975155982226,,1997.61345038493,,,13255.5327993228,39.5898689944768,,84.2,77.0,4.03963430119649,60.8140119651473,3.93661368946126,,,,,,,,,,,,,,3.69308099850742,3.5700028448136,3.70109605315494,3.94032126432829,3.936613689461,53.2884922889609,,,,,,,,13.3179563755829,13.2063774408209,11.0416238596311,12.6274600825564,12.8144185493252,9.24022992600424,20.5497554763004,21.5639886883338,21.6748199343405,21.6952935376611,2.44500887169222,7.39,,,,4.09,4.0,2.451005098112319,,,9.24022813357561,,,,16.346481879615,93.5884405218027
2004-08-01,76.225335024689,72.7730938717765,85.5629029195269,71.2390808911395,85.5610603708993,78.4340758434306,,1904.015383399,,,13500.8153085677,39.2080520614205,,83.3,77.2,4.04551035422036,61.0278998388022,3.943221582046,,,,,,,,,,,,,,3.70500524098596,3.58985868595817,3.73269355112126,3.94773479767599,3.94322158204662,54.2057234866348,,,,,,,,13.3317585818693,13.2225861838901,11.0730491761827,12.6283336685323,12.8149434562677,9.26418327697408,20.5562480138991,21.5702746605083,21.6751983759256,21.6991937889674,2.43397869761202,7.67,,,,4.0,,2.449279472144849,,,9.26418201036625,,,,16.3494426975092,93.7213075174906
2004-09-01,76.2364959438971,74.8018834707046,85.6991089931903,70.9612112656102,85.6977242789515,78.2902498601121,,1900.3566736427,,,13124.1633588676,40.130704351286,,84.1,77.5,4.05098595683721,61.2152383919345,3.94776193117106,,,,,,,,,,,,,,3.65836914893305,3.60207202771544,3.74696344788421,3.95300028367181,3.94776193117104,53.9620233461285,,,,,,,,13.3589987985079,13.2539660709057,11.0850728621584,12.6632452951302,12.8193395981536,9.32938387697115,20.5661767971443,21.5865887266577,21.6704320686194,21.7010843486611,2.42424978386237,8.0188,,,,3.98,,2.451005098112319,,,9.32938315403187,,,,16.3529677889865,93.9546716793415
2004-10-01,76.4487970475174,74.2097279690937,85.9885761546399,71.1664715796191,85.9872633690139,78.1706504739471,,1941.21946951246,,,13263.225459118,39.7966724516762,,84.5,79.2,4.05675653233387,61.4207451285106,3.95343183354433,,,,,,,,,,,,,,3.69955559244175,3.71949676289514,3.75489979362605,3.9608118308377,3.95343183354511,54.2772472160246,,,,,,,,13.4019464385966,13.3044327210126,11.1130357306008,12.72366808377,12.8238545184467,9.37950431480496,20.586325322879,21.5979311578365,21.6871302144676,21.7194962555047,2.44254373379494,8.25,,,,4.07,,2.4475508632442313,,,9.37950495565062,,,,16.3511167797939,94.7687890354544
2004-11-01,77.1282218724328,77.8688792333569,86.0266623631676,72.065797137689,86.0261474684448,79.4671802200405,,1969.12583450663,,,13570.0405178556,40.2531535923202,,84.9,78.6,4.06126570703337,61.6063250118377,3.96051036631401,,,,,,,,,,,,,,3.77184558717972,3.66799422131194,3.762668316582,3.96628667428511,3.9605103663124,54.5553167290732,,,,,,,,13.4110021483496,13.3219474620108,11.1462325665409,12.7330454967093,12.8271609143359,9.39999533122342,20.5826954197374,21.6157747620015,21.6866867111516,21.7224934182368,2.42053890078526,8.8485,,,,4.25,,2.4423470353692043,,,9.39999505688802,,,,16.3587949394155,94.8163354665506
2004-12-01,77.0752002450925,77.0781922181059,86.3037191175329,71.8113269501707,86.3019235721883,79.2545432243115,,2009.24033563518,,,12987.177848917,41.1238371150178,,84.8,77.9,4.06178678348185,61.7908122404013,3.96273518565737,,,,,,,,,,,,,,3.78237992432326,3.60629725320355,3.75424347865059,3.96800073021535,3.96273518565733,55.3121724663101,,,,,,,,13.4415288508833,13.3563430139918,11.177141492174,12.7851360040011,12.8322414102822,9.44656711796935,20.574371688768,21.6118305975231,21.690140265007,21.728201745935,2.41150768537387,8.95,,,,4.3,,,,,9.44656691765814,,,,16.3618347325451,95.4565261974361
2005-01-01,77.1410814709746,72.5022839089802,86.5176602150246,71.4856636407142,86.5175019170733,79.4779613456104,,2061.58618584175,3.75273229750098,,13699.0064025226,41.9367757820921,,85.4,79.0,4.06182262819942,61.9693480472038,3.96608336430002,,,,,25.2194749327318,58.8132773344387,,,,,,,,3.70678535768654,3.62281219455087,3.74690201697452,3.97326154844811,3.96608336429983,54.1874806511072,,,,,,,,13.4639040035554,13.3826833861062,11.1920048348485,12.8021566507173,12.8181707765657,9.44866298066729,20.6006590067723,21.6128472704687,21.6933071721295,21.7345653292333,2.41492895383869,9.18,,,,4.22,3.75,2.468099531471619,,68.50715926809144,9.44866301263402,3.845656387675242,56.65195204510991,58.912409346677606,16.3637533959775,95.809863094597
2005-02-01,77.2705678958537,75.7314588945618,86.8799018615868,71.939892576853,86.8775470070885,78.8353211174067,,2110.36468298908,3.60125687271581,,13893.0619920035,43.7545971903627,,85.6,79.4,4.06417030691006,62.141302782103,3.96874696897746,,,,,25.4385522843918,58.4997334211976,,,,,,,,3.70955138471783,3.67162526656933,3.75479118258608,3.97543506947838,3.96874696897747,53.5923794049225,,,,,,,,13.4803929085151,13.4032755731691,11.2311327186809,12.8052809618696,12.8132961726793,9.52468336870258,20.6157422914813,21.6144066611658,21.6969853507073,21.7368680625178,2.40565458618026,9.68,,,,4.23,3.8,2.4630018143999504,,68.50715926809144,9.52468355913298,3.845656387675242,56.65195204510991,58.912409346677606,16.3662466665355,96.3440656528342
2005-03-01,76.9383296434544,73.3829400817555,86.6679325241529,71.7164778384218,86.6669185110666,78.6296145128964,,2239.31530638125,3.69942515623243,,13727.5619723542,42.2239056366984,,85.3,79.5,4.06878231998503,62.2918650579372,3.97067405006584,,,,,25.8334564683709,58.3843045220753,,,,,,,,3.71070263451794,3.7052750646288,3.76704832739278,3.97776655106251,3.97067405006524,54.1274026608973,,,,,,,,13.4925961320156,13.4231550194229,11.2799018705276,12.8115846796032,12.8320176946914,9.4339468956161,20.6100600368269,21.6186873828768,21.7088467114323,21.7481039354686,2.40931050408911,9.905,,,,4.24,3.96,2.4595888418037104,,68.50715926809144,9.43395066040556,3.845656387675242,56.65195204510991,58.912409346677606,16.3651042097315,96.4233063127312
2005-04-01,77.3249920919093,74.4834041041705,86.9293921014283,72.1893782786244,86.9272359454757,78.9107008115892,,2087.87201459492,3.61762952495449,,14416.4387355447,41.1802364086443,,85.6,79.1,4.07364015389633,62.4130310532421,3.97264418249369,,,,,25.5375763993862,58.8151276524074,,,,,,,,3.73504595848409,3.71095702480887,3.79268184349085,3.97962116002938,3.97264418249302,54.4324514510044,,,,,,,,13.5199547442028,13.4557026579124,11.3256972435135,12.8342549913589,12.8415009492654,9.40164878706972,20.6224209309027,21.6309426345936,21.7101082343185,21.7517473697096,2.3992850284251,10.09,,,,4.19,3.95,2.4518667957098,,67.22144249926136,9.40164815919044,3.4724241619420373,56.7895878682131,58.519251007484506,16.3683150079302,96.6078383784948
2005-05-01,77.5032094527213,73.5806592074876,87.6707330637257,72.115029686376,87.6836661245128,79.4280886453627,,2044.43243144871,3.83764003500238,,14164.4781149958,40.1403784929485,,85.5,79.9,4.07764498617447,62.6007706539232,3.97386250385161,,,,,25.2058058979082,59.156741177534,,,,,,,,3.71475390412198,3.69090868106342,3.80914612657722,3.98014356585717,3.97386250385169,53.8381403246493,,,,,,,,13.5373177790083,13.4735677547598,11.3773599739308,12.8374073618727,12.8427422504974,9.46509163852338,20.6255764284239,21.6273122111651,21.7120669863279,21.7540648131888,2.39642964954116,10.035,,,,4.11,,2.4423470353692043,,67.22144249926136,9.46508958344319,3.4724241619420373,56.7895878682131,58.519251007484506,16.3730490548107,96.78044416398
2005-06-01,76.8724644695185,64.9895263977253,86.6886391621769,71.9085617991159,86.685656208543,78.7901809989037,,2108.87635990697,3.83428780942036,,14652.989289794,40.8979746637965,,84.9,80.5,4.07910493467969,62.7864900658685,3.97221603304206,,,,,25.8843552817363,58.7649126119464,,,,,,,,3.70961962458942,3.74516965767342,3.79608107230504,3.98003603777915,3.97221603304043,54.1745065392212,,,,,,,,13.5533166791051,13.4898990608312,11.4226980026606,12.8381169574411,12.8453270641605,9.52068602467206,20.6429977482579,21.6399834758755,21.7219750639493,21.7671756767623,2.38016205676789,9.985,,,,4.22,,2.432735777459091,,67.22144249926136,9.52068547864301,3.4724241619420373,56.7895878682131,58.519251007484506,16.3757163246477,97.0548226481008
2005-07-01,77.1098163328481,77.8614717374035,85.3729391994614,72.2701143365788,85.3728503469664,79.5197098363363,,2167.22095052936,3.65078982642634,,14075.9789444649,41.0418221391667,,84.4,80.8,4.08349350634762,62.9678379543469,3.97842040242503,,,,,25.2259399720127,58.6609457282516,,,,,,,,3.74165694876122,3.7609262110023,3.83683164428851,3.98575688725763,3.97842040242521,55.1567553689406,,,,,,,,13.5796789581226,13.519732372856,11.4572081999794,12.8720842429766,12.8508443152718,9.59421533556115,20.6576677235855,21.6605987827137,21.7390344090982,21.784912942808,2.37184191143706,10.03,,,,4.1,,2.412335956953165,,66.64074529165089,9.59421466716319,3.768034595908947,57.43666150224186,58.38105550848428,16.3743728445324,96.9089749381034
2005-08-01,78.1222716378485,77.014696194931,87.6100150094965,72.8967805899785,87.6076975990484,80.0496351654843,,2259.03068163991,3.45339831548766,,14454.142042064,40.084517608526,,85.9,81.3,4.08433072065337,63.1153145727426,3.9795507853282,,,,,25.148375303476,58.8245847693709,,,,,,,,3.77025485197422,3.8093901754589,3.80540498540568,3.98837790758382,3.97955078532821,56.044996771689,,,,,,,,13.5872856636642,13.5333511687843,11.4737904554096,12.8665182449367,12.861448453332,9.59193796660406,20.6628740247115,21.6735022389295,21.7482326601196,21.7955293013978,2.38125838325526,9.8,,,,3.97,,2.403334996094189,,66.64074529165089,9.59193742872489,3.768034595908947,57.43666150224186,58.38105550848428,16.3819652633024,97.2022245186064
2005-09-01,78.5323356210986,75.5502552415804,88.2918516473924,73.2346771607034,88.2901653406991,80.8044916737621,,2222.75667358902,3.45232963914613,,14803.1943431677,41.647535099812,,86.8,81.6,4.08532347790565,63.2718441593545,3.98295563284026,,,,,25.373476039809,58.8495385108301,,,,,,,,3.79757880625972,3.86028658188727,3.76774366355101,3.99268066306312,3.98295563284092,56.8603735773146,,,,,,,,13.5983616749133,13.5454270998164,11.5460918804447,12.8458045743753,12.8676105721914,9.69814504927278,20.6701680748279,21.6874721503283,21.7666557434358,21.8137162709702,2.37429893075494,9.48,,,,3.91,,2.400618833265411,,66.64074529165089,9.69814478626065,3.768034595908947,57.43666150224186,58.38105550848428,16.3861733232975,95.4588416932441
2005-10-01,78.7680112224187,71.1551028893482,88.5541843106103,73.577443880272,88.5538013543733,80.9883783662613,,2160.35907146362,3.24246280866072,,15060.6132181396,42.7633292281559,,86.9,82.4,4.08673774308379,63.4482038011267,3.98942770245425,,,,,25.1289087688851,59.6063633004097,,,,,,,,3.82293514004392,3.85250081341905,3.76297381256427,3.99859379309164,3.98942770245402,57.3114518816148,,,,,,,,13.6182219532452,13.5699550446508,11.5967820622449,12.8465905397891,12.8766378448447,9.67743093136227,20.6863152565741,21.7064308784295,21.7822858264861,21.8298911117376,2.37948614204013,9.275,,,,3.83,,2.3978952727983707,,65.64353348399821,9.67743391127275,3.112797616601489,57.79308674783222,59.49728396784464,16.3890471199049,96.6651084605628
2005-11-01,79.4716751461286,74.8181869122292,89.8346607130008,73.9405995743251,89.8329665445819,81.0139802058879,,2332.94317780035,3.02545030647085,,15901.3454931808,43.2510745398042,,88.6,83.8,4.0899033952726,63.6229462156709,3.99277454147959,,,,,25.5078341907555,59.076337797788,,,,,,,,3.83727878624048,3.82541711786708,3.76540493354523,4.00134872451122,3.99277454147943,57.6036648152162,,,,,,,,13.6424646586096,13.5963932482931,11.6498624598623,12.8643494137885,12.8860880962705,9.72856862893488,20.6882533640211,21.7171276105323,21.7897464402271,21.8364027829133,2.35943092686225,9.005,,,,3.65,,2.3767644911682972,,65.64353348399821,9.72856895183505,3.112797616601489,57.79308674783222,59.49728396784464,16.3931092312547,97.5709708367439
2005-12-01,79.968142911866,72.5997879868366,90.9424656239654,74.3114280271128,90.9439329319062,81.5266180746538,,2385.65470786799,3.10840422290073,,16397.8134355433,43.6345866447716,,88.9,84.5,4.09412412704934,63.8033742970608,3.99737800075874,,,,,25.4344956065373,59.1767524431919,,,,,,,,3.83309121721357,3.85715899374386,3.78351044622782,4.00739827289441,3.99737800075898,57.7241585694743,,,,,,,,13.6747736095961,13.6306421659725,11.7969434673678,12.879246095832,12.8937818328121,9.76670912355134,20.6977571691831,21.7425736742758,21.8035912578587,21.8496547077705,2.36367765462289,8.565,,,,3.59,,,,65.64353348399821,9.76670934978391,3.112797616601489,57.79308674783222,59.49728396784464,16.3954412052529,97.9390900774668
2006-01-01,81.4417076389658,79.7169711383752,91.1669259201279,75.4971894575624,91.1657930554359,82.5209380269391,,2459.26282450921,3.2544570693064,,16732.7056297381,43.8631445513702,,89.1,85.3,4.09973287819905,63.8896556702327,4.00455302074602,,,,,25.498737533711,59.2190687169604,,,,,4.68983588983356,103.132743200969,114.087564711734,3.86027180706125,3.92177116772987,3.80869142248239,4.01673153924233,4.00455302074575,59.4457992068052,,,,,,,,13.697467780877,13.6546498406257,11.8454478890683,12.8866931637976,12.898926046893,9.82553449563998,20.7170846109274,21.7541415619036,21.8087614112031,21.8538417990694,2.34073056959408,8.095,,,,3.54,3.47,2.4069451083182885,,64.58748145704217,9.82553492374657,3.5254855560144356,57.48519848237327,59.9886434946988,16.4006437650772,98.1662637990778
2006-02-01,80.6007164844721,75.6370608085043,90.6009642101544,75.287550575299,90.5996494249903,82.3022820349575,,2406.3571572788,3.5348868137739,,16303.2908930167,44.3957629371274,,88.6,85.3,4.10079011591622,64.0447642063598,4.00706406634473,,,,,25.446407634116,59.1839451898725,,,,,4.72109346870839,104.737978015629,113.333314556122,3.84239305701219,3.903315858383,3.81134274760783,4.0175249299426,4.0070640663449,58.8648503607434,,,,,,,,13.7236765858563,13.682740453489,11.870309310197,12.9069458070546,12.8927134587314,9.8420703180732,20.7279033152381,21.7746306392923,21.8312115001292,21.8788193454995,2.341863445159,7.805,,,,3.47,3.5,2.402430427963762,,64.58748145704217,9.84206965949252,3.5254855560144356,57.48519848237327,59.9886434946988,16.404472988157,98.0623535706277
2006-03-01,80.6878671123832,74.9632508605516,91.4522169350549,75.0317363164243,91.449805112278,82.2143828004305,,2493.72995709758,3.29324242907259,,16165.9778310126,44.8965116098021,,88.9,85.2,4.10226409122581,64.2707286576517,4.00936622832495,,,,,25.0719035931718,59.6284797060488,,,,,4.74344809519718,108.950714349452,117.603811010849,3.81634850421679,3.90392857007466,3.80565155992656,4.01975541511173,4.00936622832573,58.4958019640809,,,,,,,,13.7579325604733,13.7183832520169,11.9406678400725,12.9393846050373,12.90273229174,9.85853364412688,20.7580241558047,21.806692356006,21.8778690205849,21.9246943157081,2.38077601867204,7.575,,,,3.5,3.68,2.403334996094189,,64.58748145704217,9.85853356443956,3.5254855560144356,57.48519848237327,59.9886434946988,16.4106114964151,98.498581692079
2006-04-01,81.1293443136477,77.0509410137514,91.579586610161,75.414378033515,91.5791436498333,83.1089792668089,,2647.62245383408,3.41386658530326,,16528.6841558176,44.7002334234197,,89.1,85.5,4.10539281829327,64.4996499702153,4.01774117059028,,,,,25.3826349663646,59.1782355516616,,,,,4.74271249238997,103.496356650913,114.729358820369,3.87282637480108,3.98548889433842,3.79932667763541,4.03003184259652,4.01774117059033,58.6012493640664,,,,,,,,13.7898970068889,13.7541677775754,11.9907588885466,12.9645087360338,12.9322013501692,9.92729914885075,20.7785582542645,21.8379188606518,21.9001753825053,21.9525884200645,2.40009257666938,7.32,,,,3.53,3.9,2.410542234499138,,64.08468157891564,9.92729873437144,3.134045330568397,57.90682958563733,60.08892994629853,16.4105814894962,98.7394779194999
2006-05-01,81.9563443564208,77.9088466471235,92.4435252940608,76.3337567166279,92.4536016766576,83.3194912148383,,2521.11858397923,3.36741613674216,,16841.4529089869,44.2785359037606,,90.0,85.0,4.1077727506519,64.6495096376191,4.02994018515206,,,,,25.9854597333983,58.689321767029,,,,,4.74880767539854,104.457261078059,116.976276709257,3.92803035640797,3.99564297496558,3.83938265462221,4.04157785691914,4.02994018515141,58.3245396782349,,,,,,,,13.8079342452091,13.7722338137653,12.0227141953033,12.9755093151205,12.941718490301,9.82351602928,20.7865403790057,21.8367654314563,21.9039809589962,21.955445330609,2.43249637127679,7.335,,,,3.68,4.07,2.411439497906128,,64.08468157891564,9.82351285457074,3.134045330568397,57.90682958563733,60.08892994629853,16.4189110601774,98.8734610893901
2006-06-01,81.8317619865528,77.3791649858291,92.5588242483916,75.9595043023464,92.5521771544024,83.72951159185,,2469.67041717981,3.56054267106476,,16930.8029386016,44.2269131215095,,90.1,84.8,4.11087660453891,64.8650322077578,4.03517560223234,,,,,25.3090238040261,59.2802531398151,,,,,4.74350322532451,105.388812547253,117.440638637852,3.9119083810344,3.98177827175929,3.81142366277897,4.04631066750189,4.03517560223153,58.7164582362354,,,,,,,,13.8266439649235,13.7926562722394,12.0471769458293,12.9950473638937,12.9491148127425,9.86840177088139,20.8100892936701,21.8425914495825,21.9188404752019,21.9726675240954,2.43035397116075,7.325,,,,3.71,,2.4176979000945504,,64.08468157891564,9.8684013601123,3.134045330568397,57.90682958563733,60.08892994629853,16.4240196606446,98.9968087709997
2006-07-01,81.8031243851928,76.2648202322651,92.5343526371525,75.8186575623354,92.5360918375441,83.6949323051814,,2515.28782147323,3.68397035223315,,16914.0862494148,44.8388579188002,,89.4,85.9,4.11375791746774,65.0719199955927,4.03996288637608,,,,,25.6767260565344,59.8146048182742,,,,,4.71854139282022,106.861955560093,118.027634644882,3.91158922693803,3.99410943360982,3.79856452521718,4.05118483842193,4.03996288637636,59.1679908191627,,,,,,,,13.8431863444008,13.810864019575,12.0863271716891,13.0020822454701,12.9714242054353,9.9165426761768,20.8245740734341,21.8342397954558,21.9051114582617,21.9530261758201,2.40257192075394,7.325,,,,3.58,,2.4069451083182885,,62.72633932663625,9.91654236762886,3.9839423934813913,58.09637672048077,59.72663414518742,16.4272588473598,99.100628585362
2006-08-01,82.0038717477189,76.9581446092831,92.9554917148225,76.0771604228517,92.9551000025511,83.8386190380489,,2551.73473987049,3.65165706905378,,16986.9837737401,44.6519069857592,,90.5,86.5,4.11835023316672,65.2507597909718,4.04555603013778,,,,,25.8185428223717,59.0632641690409,,,,,4.77813434217042,108.299200082441,118.4060517469,3.95205458562336,4.00071732752717,3.82370362964545,4.05688517452049,4.04555603013697,60.5055072963978,,,,,,,,13.861542650261,13.829901059283,12.1090713001464,13.0090100008879,12.9777322962637,9.97495693990958,20.8093586771633,21.8315052442626,21.9144122645952,21.9586968568135,2.39023980014611,7.2987,,,,3.59,,2.3978952727983707,,62.72633932663625,9.97495688614488,3.9839423934813913,58.09637672048077,59.72663414518742,16.43140465314,99.3846629613697
2006-09-01,81.9713006100742,78.503146824028,92.6335497379281,76.1535809646176,92.6330973823923,84.0865611055302,,2659.1147944538,3.65461689425611,,17064.3081003884,44.8395106725414,,89.9,86.2,4.12536123934625,65.4790636030669,4.04921956951358,,,,,25.7371956252983,59.3824573572711,,,,,4.78323672899576,104.845942235747,118.524185476132,3.95010055209735,3.93641051303088,3.85413050085632,4.05837673703293,4.04921956951419,60.761023561334,,,,7.00123759950393,1.96347980683104,1.98705951021299,1.99326021870158,13.8886597866887,13.8578096407576,12.155907556399,13.0316599506009,12.9858276798107,9.99427636849945,20.8188739431479,21.8373718140734,21.9196052554826,21.9667247870533,2.39339184392388,7.3225,,7.79,,3.52,,2.400618833265411,,62.72633932663625,9.99427674009618,3.9839423934813913,58.09637672048077,59.72663414518742,16.433842635311,99.3554361427843
2006-10-01,82.1966011004662,81.4114207290586,92.6285651780507,76.4044315998271,92.6273459594064,84.2244837352175,,2645.60960131785,3.71691251607909,,17666.1662056261,45.2547912888465,,90.2,86.7,4.12875183006854,65.6600361467156,4.0492491088444,,,,,25.7560316391354,59.3724560171026,,,,,4.7468139419178,105.095985100058,118.017406052527,3.86488350783074,3.88766815597492,3.88092050262876,4.05817037983778,4.04924910884415,57.947109084557,,,,6.90414755295499,1.95519404527913,1.96533162226547,1.99535601651376,13.9083297672604,13.8806308984785,12.1745413595324,13.0545051170192,12.9933585764526,10.0558077259208,20.8181989388158,21.8325214385595,21.9040079256235,21.9560064034636,2.38080849728814,7.3012,7.44,7.88,,3.46,,2.3978952727983707,,67.02416530029157,10.05581354362,3.5898640102050496,58.30332945991567,60.43374762015266,16.4376035101148,99.3550631380084
2006-11-01,81.9524320389675,74.9910576982002,92.8626289053686,76.1962296606799,92.8622056318498,84.2859655033297,,2513.0170827504,3.79835884702093,,17203.4670207177,44.3416497934764,,90.3,86.9,4.12983706289827,65.8857344701092,4.05143116443437,,,,,26.0434259299987,59.0775051476651,,,,,4.80199383631497,106.730892988653,119.133248768222,3.96851347733772,3.94285014703756,3.86000194124398,4.06092745283404,4.05143116443376,60.17660717417,,,,6.90495475231589,1.94206667432285,1.94420416479461,1.94990714654866,13.9278589396934,13.9002962046641,12.1809533077872,13.072461202407,12.9972748922787,10.1291268490814,20.8372449339972,21.8382249914563,21.921790655455,21.9752445860541,2.39657131222154,7.3175,7.33,7.5,7.88,3.5,,2.3933394562625097,,67.02416530029157,10.12912815128,3.5898640102050496,58.30332945991567,60.43374762015266,16.4406817286633,99.1833310223026
2006-12-01,82.3106359786222,85.3310530667041,91.9069665893916,76.6869591837054,91.9062795194287,84.0148084064248,,2645.74707879125,3.84499053820664,,17588.45141872,44.0989951802011,,90.0,87.5,4.13366094125456,66.1230312466856,4.05579232756422,,,,,25.2872657340853,59.7013822819305,,,,,4.74823168961675,111.6078240622,121.392233281221,3.9878005400046,3.99767129058465,3.87309527660609,4.06692678556461,4.05579232756405,60.8822652950249,,,,6.866022461894,1.94137642560331,1.93211202451546,1.95672909365052,13.9454295142012,13.9198408542304,12.2129800238392,13.1134320104013,12.9957464907835,10.1670805605545,20.8310212906968,21.8589493234155,21.9495324082602,21.9994186884938,2.37685082535734,7.3675,7.1813,7.28,7.56,3.49,,,,67.02416530029157,10.1670815445941,3.5898640102050496,58.30332945991567,60.43374762015266,16.4415525260942,100.099722183562
2007-01-01,82.3931744149756,78.1739544800086,92.0270628515574,76.798929984662,92.0266266131224,83.30037533595,,2626.77706811165,3.72567129857909,82.639387173365,17060.2492612649,42.6171739715135,,90.1,87.4,4.13843367041824,66.3730405871222,4.05785336627049,,,94.7887513336679,90.0577644002022,25.8495849583252,59.4864117151545,,,,,4.77050080940427,110.31132340312,119.596854876242,3.93609566919079,3.90567004318322,3.86552815490739,4.06782270786883,4.05785336627047,60.2168781229347,,,,6.94070084829092,1.95970174302109,1.99196259010764,1.99223472500462,13.9549737545973,13.9293754813249,12.1585654874513,13.1305708092942,13.0031985223015,10.2180497638538,20.8325298429384,21.8581659759816,21.9350734369934,21.9848259791133,2.39225799169151,7.455,7.7,7.52,7.96,3.56,3.55,2.4239173781615704,,66.53073007226172,10.218050967581,3.946623787849693,57.36670018225891,60.57383383789291,16.4467109367204,99.8162447360558
2007-02-01,82.4457327980561,82.2366953417809,92.7214266477952,76.8103093095025,92.721362667817,83.6871790717362,,2745.45945667897,3.87975262705674,82.4579787277017,17362.6008451662,42.7979881334044,,90.3,87.8,4.14109492498126,66.5786382741609,4.06113706331223,,,95.1569264303058,90.9907900063344,26.2039642949508,58.8700702265128,,,,,4.81233357014394,104.268910949648,119.936642832276,3.98399521166264,3.99088216726044,3.87372086321993,4.07155068295552,4.06113706331209,60.9527075528603,,,,7.00526487223067,1.97575834025956,2.01738394589198,2.00288074335187,13.9885694874876,13.9643153456174,12.2192755346735,13.1630775764961,13.0057174666239,10.2076603831886,20.8373176495325,21.8732528273812,21.9418318705139,21.9915727956118,2.40445688379587,7.4512,7.4732,7.7,7.99,3.52,3.5,2.4203681286504293,,66.53073007226172,10.2076587685981,3.946623787849693,57.36670018225891,60.57383383789291,16.4505669859233,100.711444202219
2007-03-01,82.9155646878172,83.1741007968071,93.6773622056298,77.0741852805613,93.6791551904204,84.2939440637343,,2718.1234075741,3.85799636701697,81.8754600911634,17687.0215240357,42.9718605233977,,90.6,87.6,4.14328776587733,66.7386799689505,4.06336892922655,,,94.9210914161011,91.5942293680324,25.7211407127797,59.4946667378169,,,,,4.85439590745125,101.807263023288,120.153409594363,4.00208685269337,3.99722442314237,3.87858536335541,4.0733187915287,4.06336892922754,61.8475488218971,,,,7.10746406550996,1.97491049423771,1.99890224785984,2.02407017462373,14.0141075201779,13.9898157147024,12.2419163379159,13.1837110185785,13.0107626353413,10.2556760047963,20.8598726393762,21.8814071654467,21.9705050319415,22.0206815854438,2.39496346009042,7.455,7.52,7.69,7.6498,3.56,3.44,2.4239173781615704,,66.53073007226172,10.2556709025964,3.946623787849693,57.36670018225891,60.57383383789291,16.4530451577775,101.051614637332
2007-04-01,83.2974847671251,79.1127511555118,93.4512262775268,77.5585110029537,93.4510970765903,84.1430700696708,,2922.71160875678,3.7477621615709,81.5504416386381,17463.243779376,43.2608386505687,,91.4,87.5,4.14468739380229,66.8980932960751,4.06748134268033,,,95.9977994605422,90.643800635102,25.2234712657403,60.1680378930783,,,,,4.7939952311285,101.728689396039,119.18788223894,4.03219503415558,4.01691550896542,3.89402844752916,4.07803682417322,4.06748134267986,61.3298019478582,,,,7.37786601129961,2.02014831382573,2.04755708218106,2.01617619683839,14.0323075888411,14.0098558686733,12.2705458149905,13.1982123269372,13.0553129008162,10.2688708300725,20.8554404219819,21.8772594127323,21.9514092948051,22.0028094057822,2.38927475571464,7.7,7.44,7.68,7.62,3.61,3.3,2.4176979000945504,,64.95717689739071,10.268868745132,3.33010141230791,57.906378297958895,60.378113377128315,16.4574568543581,101.673075615705
2007-05-01,83.4690518883007,80.339844445685,93.4367766933657,77.9989863882182,93.4433304757402,84.2684656959779,,2868.49983875431,3.6052569402143,81.587161101264,18148.1213904099,43.5966296662056,,91.4,88.0,4.14680332017565,67.0754625200756,4.06959502505715,,,96.3160850077475,92.0393341937641,26.6440068112246,58.7862197931323,,,,,4.80627457819858,102.758990230108,118.206679613005,4.02886045811095,4.01153735392191,3.87532011247865,4.07998080029758,4.06959502505703,62.497430136266,,,,7.39360470242982,2.02749542060005,2.04945681989712,2.05415912044689,14.0536917797094,14.0309394374834,12.284953961402,13.2284274584074,13.0467396233346,10.3315363812883,20.8635736743657,21.8910910130437,21.9677362760278,22.0236622200404,2.38215450725514,7.705,7.56,7.59,7.6989,3.74,3.06,2.4069451083182885,,64.95717689739071,10.3315304677274,3.33010141230791,57.906378297958895,60.378113377128315,16.4615625440569,101.850880683175
2007-06-01,83.8185473503246,83.4209789228826,93.4471073774318,78.4285198266064,93.4357112898185,84.9298958247998,,2827.11258752793,3.54138667954243,81.4583995559177,18478.1415264103,43.1342198053411,,91.7,87.9,4.14998494801022,67.2894924882269,4.07340051794346,,,95.2356882725416,91.7854314006238,25.5897825488482,60.154691674654,,,,,4.78696865359814,103.082826814809,116.772268992446,4.05329969656947,4.04353797739339,3.8881814074337,4.08383335969564,4.0734005179431,62.3573197463046,,,,7.37290565151693,2.02422412180197,2.03255741478788,2.07049383825021,14.0859871852956,14.0638187260696,12.3148663113714,13.2715883144475,13.0556716829044,10.3536684882433,20.881143537846,21.9017459096656,21.9728404364508,22.028404868292,2.38927397177064,7.705,7.59,7.7285,7.56,3.83,3.07,2.3978952727983707,,64.95717689739071,10.3536674127783,3.33010141230791,57.906378297958895,60.378113377128315,16.4630352481724,101.702711409023
2007-07-01,83.6550806600657,80.0037403667909,93.3835212531597,78.0728377693148,93.3845547343807,83.7592331301086,,2764.31798816261,3.5009527696219,81.3483772721759,18219.6553334009,42.9144484269882,,92.0,88.3,4.15412334712104,67.5267944790229,4.07687272837404,,,95.7293467529959,91.2492830116236,25.4517842194033,60.0373928145456,,,,,4.79453102779032,103.925503902658,116.553006153718,4.07087880385191,4.0960558816949,3.90645332191983,4.08886149903042,4.07687272837378,61.8231579568384,,,,7.2633002825408,2.01270524908337,2.02553128203127,2.0403144474536,14.1009929203368,14.0792612329303,12.345765032858,13.2939378709625,13.0591313212026,10.3321526781707,20.8891390353091,21.9092323959748,21.9683610350336,22.0275926768198,2.40518842504823,7.71,7.5396,7.6498,7.62,3.83,3.08,2.3978952727983707,,65.6558236620356,10.3321533342383,3.840767996851182,57.576662328281834,60.78947237177796,16.4670295346021,101.698478556005
2007-08-01,83.8789736152954,84.588060311484,92.9374441893256,78.7747166666941,92.9371886088409,84.6171674207302,,2814.43952958397,3.59783498134032,82.1426701376183,19157.1788880547,43.4958590703351,,91.9,88.6,4.15788877129399,67.7798768281866,4.08206947259995,,,96.3574354941029,91.7677225010024,25.7665414425624,59.7485669747749,,,,,4.812434461683,106.652524868894,119.62647114783,4.06608708633463,4.08647250661008,3.92714759057576,4.09415034076666,4.0820694726005,61.9393925674067,,,,7.22180717704958,2.00250798300685,2.02411205466905,2.03352550266062,14.1398137470567,14.1192438561011,12.3749402466884,13.3356746751991,13.0742924168646,10.3315647708624,20.9098008756688,21.9362914440601,22.0175638756093,22.0747701946512,2.40087021992925,7.705,7.5929,7.81,7.8999,3.79,3.05,2.4042387467205457,,65.6558236620356,10.3315671928491,3.840767996851182,57.576662328281834,60.78947237177796,16.4706648588351,101.643878322405
2007-09-01,84.0476422248579,81.2584996512446,93.4913073481907,78.8155554718898,93.4912571393472,84.5055773914911,,2820.09387550026,3.51680608189722,82.714388681888,19246.0396874515,42.6123151151685,,92.2,89.5,4.16271714033662,68.0027317957234,4.08494163375775,,,95.1826349758053,90.5769993387581,25.6397715475495,60.1935668482971,,,,,4.80847063936887,105.929190264923,120.108041707976,4.06314745348375,4.16385680351969,3.93747992775557,4.09929462792163,4.08494163375861,62.8876928270939,,,,7.14360259155659,1.99208361235719,2.01193465807052,2.01413269865155,14.159333723559,14.1394320456213,12.3964337743275,13.362543660289,13.0851133021725,10.3137132099152,20.9272933102169,21.9448656271014,22.0138671901844,22.0756630197781,2.38743446432282,7.6825,7.55,7.7699,7.8797,3.76,3.0,2.3978952727983707,,65.6558236620356,10.3137169255829,3.840767996851182,57.576662328281834,60.78947237177796,16.4712833465592,101.975368711315
2007-10-01,83.9158557807135,83.8272123569834,93.1470518894824,78.7890978037139,93.1469772668559,85.0509080721057,,2836.56668206719,3.679395610509,82.322101336843,18850.2173655615,42.2471020173749,,91.6,90.5,4.16582415317773,68.254016981703,4.0891990932211,,,96.5900733507708,90.6559200161777,25.6008762781949,60.1474271267555,,,,,4.80929068163097,108.20804254241,118.908171059459,4.08980531599061,4.23119528201765,3.93469195895415,4.10548466059387,4.08919909322154,63.6372039024673,,,,7.31917367676157,2.0064243843652,2.0059698435441,2.02114589664557,14.1784449767605,14.1604662874567,12.3933640334295,13.3987615056746,13.0896960520391,10.3664331577581,20.9159016137227,21.945875154591,22.0137602363186,22.0808508911893,2.37844490579548,7.93,7.6359,7.76,,3.75,3.03,2.390595970316759,,65.98070484445444,10.366443466317,3.4639260642199625,58.75784776151731,60.79209040862395,16.4764355447685,101.890389847377
2007-11-01,83.592684160241,86.5579847274959,92.5034216979284,78.4561700900271,92.5044224417981,84.8420943203966,,2829.65350650799,3.51317095407149,82.3223780085791,18656.0612675481,41.9099955031215,,91.5,90.7,4.16848512636678,68.4709310905058,4.09311369059417,,,94.8295702864736,90.8422694603633,25.2480916036853,60.1993623200532,,,,,4.80751927976085,107.868719465917,119.437760614137,4.08081261250775,4.31858572069667,3.94090360002518,4.11255120794158,4.09311369059415,63.793293331917,,,,7.29905934339649,2.00195410010412,2.00602980615705,2.02691294718719,14.1925299620627,14.1733635973123,12.4218437177798,13.4128784364034,13.1021942722519,10.3086892929884,20.9183266400807,21.9615079966988,22.0295606653974,22.1000109427081,2.38576161382869,7.9113,7.86,7.86,7.93,3.95,3.1,2.388762789235098,,65.98070484445444,10.3086931236313,3.4639260642199625,58.75784776151731,60.79209040862395,16.4797974559257,102.368034866191
2007-12-01,83.6464464729966,74.8963005829306,93.1041615135206,78.8770459627332,93.1054921971206,84.1152388786568,,2750.2545196566,3.65839829803497,82.5148977110903,19033.3401781474,42.2117451033961,,91.2,91.1,4.17071572540498,68.6812447542257,4.0963007381078,,,95.8695525142898,90.8088152700929,25.7648252104933,60.1022486255682,,,,,4.86101571855212,105.166639356445,119.708062915442,4.06380774225268,4.3365232356776,3.93314049454061,4.11649511996326,4.09630073810747,64.3118498168415,,,,7.28593741840935,2.00305022314885,2.00583928428022,2.03557536801911,14.1926693257841,14.174667217185,12.4246116335372,13.4164275234786,13.1181961139919,10.2779791468739,20.93487134904,21.9640624590229,22.0367815543142,22.1022124603562,2.38293308634897,7.925,7.8081,7.84,8.09,3.85,,,,65.98070484445444,10.2779811528485,3.4639260642199625,58.75784776151731,60.79209040862395,16.4790769181832,102.368774319353
2008-01-01,84.141180860666,82.2270316744018,92.9039286377548,78.9509840190045,92.904311539179,85.2264752724244,92.0698877311563,3009.33751399948,3.88911675645224,82.375012164942,19118.7970806713,42.0218899390536,,91.8,90.7,4.1746409806688,68.9196690558306,4.10263486226053,,,95.5840310387787,91.543318754723,24.9163766796026,60.2639967705589,96.1906649704663,75.1470852385482,4.57644991433428,88.6106842191689,4.86360771401451,106.489354440683,120.054560476231,4.07556821807619,4.35242180939892,3.939441850844,4.12352645340317,4.10263486226073,64.1743298152505,86.8261963858969,97.9226803363372,7.5,7.32910457633629,2.00507423354905,2.01339513662524,2.03850266111242,14.2168168214242,14.2012649678365,12.453394746344,13.4464995070021,13.1013949991225,10.2784628812086,20.9335210476062,21.977477979698,22.0530026620681,22.1257205558734,2.36784717512005,7.9125,7.52,7.99,7.649,3.72,2.8,2.4078456036515385,,65.17003736528308,10.2784640096786,3.884208174196888,57.62132113678605,61.18997069731569,16.4837875415095,102.243407283866
2008-02-01,84.258466960138,82.6087178896849,94.8535743775183,78.6197818786246,94.8630998313266,85.9549508403447,92.0670547714378,3008.84906092458,3.64387350077557,82.7316527420065,19029.5335934008,41.6267359219791,,92.5,91.5,4.17740312708943,69.1585738650447,4.11082948874317,,,95.3259286768617,90.9078245518664,24.5427802673482,60.7641410498568,95.909166063697,75.2866982070702,4.57646961908699,88.8391595316938,4.84468106026365,102.538588908076,119.854362285413,4.15001111844314,4.3731299862498,3.93980949757811,4.13044945588276,4.11082948874339,66.5768297423697,86.5465619567512,97.6572556759399,7.5,7.38369570913941,2.00872423617633,2.02647892174903,2.01059468624809,14.2329299465328,14.2181565086581,12.4689435428008,13.4647601867372,13.1589794665875,10.2994226745063,20.9394202755611,21.9812278769844,22.0544738174015,22.131600760747,2.36125328757091,7.935,7.33,7.44,,3.75,2.73,2.401525040848949,,65.17003736528308,10.2994187339275,3.884208174196888,57.62132113678605,61.18997069731569,16.4851095559002,101.869177934203
2008-03-01,83.1114402957454,78.9006738476409,92.7641546565242,77.9577654437335,92.7652799729346,85.4913643984234,90.7544903261969,3197.26382624996,3.69792711640767,82.7806079339897,19578.4698176336,41.5012624082939,,91.1,91.3,4.18448253164528,69.4479070773787,4.11978069343347,,,94.8568944495675,90.6631725683349,25.1711267810002,60.7501758570987,96.1361774210217,75.563795994915,4.57445072353417,88.73005633788,4.8449410030823,98.1517510594426,111.830672132187,4.18815554124298,4.40240953165311,3.96245452534381,4.13999657485483,4.11978069343296,67.9225600074113,87.1266269779189,98.1691593705697,7.5,7.49728538229265,2.01665701575169,2.02435995057852,2.01729536059131,14.2456422078777,14.2306627241356,12.4666316807244,13.4794382890543,13.0692468978304,10.3281778358927,20.9313136719613,21.9821600399706,22.0624092302719,22.1399967560828,2.36170219276918,7.93,7.29,7.339,7.53,3.61,2.66,2.3978952727983707,,65.17003736528308,10.3281664746628,3.884208174196888,57.62132113678605,61.18997069731569,16.4827982987257,101.656332235008
2008-04-01,84.6745469380535,80.9389146182317,92.7159513910881,80.0294809596562,92.7171933658757,85.8704425602193,91.9868221058998,3255.05456342326,3.60025104301974,82.7727006472852,20257.2186362269,39.9745518332258,,91.8,91.4,4.18896963642229,69.7761979977364,4.1285209085122,,,98.4082851613678,91.5888708258373,25.9317485863785,59.3522240736202,96.1996040768024,75.7398607704002,4.58117955073582,88.6947671310557,4.86994193766353,105.797754771361,118.199551328384,4.19519863515611,4.41128490302697,3.96980595523705,4.14954637084006,4.12852090851295,70.3475848861622,88.4591751939292,99.7507875995881,7.5,7.55200716403396,2.03848707551817,2.06674833608391,2.04303927651767,14.2587808853374,14.2448718744618,12.4831064045993,13.5017526629106,13.0633675446901,10.3128727627924,20.9446363242803,21.9979368402863,22.0780425446965,22.1551786695454,2.35734905030606,7.93,7.4561,7.829,7.72,3.68,2.69,2.387844936944869,,64.48208050492144,10.3128654341185,3.440117188406868,58.24577348834571,60.98445531761285,16.4880655170576,100.989904610413
2008-05-01,84.2414991525697,83.973406493567,92.8710075658868,79.3806347100271,92.8752642701023,86.2443270636137,91.3396413797652,3342.0262151333,3.64788675271384,81.6766663329949,20053.356889998,38.9751367844424,,91.6,92.1,4.19508641003347,70.1337558640216,4.13724765338556,,,95.4905659909147,90.9829824655449,24.6469731005975,61.3544971048835,95.9996602080561,76.4209395718707,4.57375574176324,88.5342725153514,4.85733476196173,101.33406738199,116.459169418728,4.23412746217566,4.47217716037726,3.97136736260926,4.16053829046411,4.1372476533855,72.7091026576523,88.8009610921449,100.199642817855,7.5,7.59125031123324,2.05855412295026,2.08683130409461,2.08247845320964,14.270226541732,14.2560616237031,12.4997362853293,13.5166167873833,13.0639594093394,10.3429759773794,20.9510980829873,22.0212571690796,22.0930728861974,22.1699800509304,2.34457818013085,7.945,7.859,7.9792,,3.82,,2.379546134130174,,64.48208050492144,10.3429651972617,3.440117188406868,58.24577348834571,60.98445531761285,16.487683804013,100.415615505353
2008-06-01,84.9256263511252,81.1290552476368,93.9552407018551,80.0503914647074,93.936851639289,86.6274989374681,91.3694963218951,3471.98283031713,3.65453458670769,81.9181169720853,19682.422589419,37.6745054816233,,92.0,92.4,4.20108446449968,70.4986745845033,4.14478892790514,,,96.6678106194586,90.7799139520873,26.010513245995,60.1130984056359,95.8410179341705,76.4151528813602,4.57309089715286,88.2529187343077,4.83486236126307,107.890181843555,117.659751521824,4.23104799894173,4.50320706499107,3.97917690132335,4.16872723838852,4.1447889279043,74.0098624802931,87.4623320728067,99.0916180111917,7.75,7.90061848124409,2.11065738892264,2.13621255235462,2.10972027464957,14.2766842995893,14.262315879471,12.5141615808621,13.5229949068688,13.0651883867878,10.291309946283,20.9421812300835,22.0175213354555,22.0912774735733,22.1707844915281,2.34594250849644,8.194,8.14,8.7389,8.25,3.84,2.6,2.3608540011180215,,64.48208050492144,10.2913053219644,3.440117188406868,58.24577348834571,60.98445531761285,16.4900071140701,99.9934766464562
2008-07-01,84.8356997102979,84.7952715127082,92.1769334910704,80.3967292210582,92.1797869124522,86.7352556314411,91.1633281826116,3673.33108080067,3.84803797358096,81.4051650766574,20668.6646093522,36.5089164444699,,91.1,92.0,4.20670290255733,70.8185793160022,4.15262318966758,,,94.8624009340849,87.3567352493791,25.260112164668,60.7262786073046,95.6061238604643,76.6519811276031,4.56871310054481,87.9888396699543,4.8493645233969,104.222959719646,116.806512775256,4.2397923674442,4.53818099943557,3.9870266474606,4.17799934260615,4.15262318966701,75.988116628374,86.0836893703646,97.8779743315231,8.0,8.16459519626436,2.13452753945964,2.15861860828871,2.17940669501144,14.2873828262984,14.2734167411615,12.5294463593303,13.5468323948372,13.0689526785487,10.2161776754801,20.9490677246116,22.0303922181774,22.1071133597717,22.1923008683655,2.32059306035907,8.44,8.6985,8.9698,9.26,3.94,2.52,2.341805806147327,,64.48386106994634,10.2161773400715,4.1238833005695685,57.56780525788394,60.99219212608118,16.4900272494798,99.6715182622926
2008-08-01,83.929861772573,77.574925500884,92.1604501747123,79.6855480133108,92.1622051658046,85.6769386968654,90.2535918337706,3350.92990519682,3.81136908788406,80.9431784173543,19247.4467084365,36.7490062057267,,90.5,91.0,4.21230335483334,71.1925105520593,4.15381000277073,,,94.7030174145813,89.0922432029981,24.0151120500922,61.5526758939304,95.3485294670359,76.5717182674091,4.56505157057583,87.6056246095632,4.79005681178084,102.65474384899,112.633175219669,4.14457206921142,4.41059628601554,3.98129789976541,4.1751765164244,4.15381000277004,74.1514729120125,84.9475852651651,96.9125254953888,8.25,8.20981581506804,2.13222750658005,2.15481564089331,2.16412634362041,14.3006276516933,14.2871878800669,12.5338114119376,13.5729584321757,13.0719107083126,10.181628773339,20.9612129743178,22.0213714246578,22.10133049673,22.1935958237342,2.3255616363039,8.66,8.6161,8.6,8.5491,4.26,2.37,2.33214389523559,,64.48386106994634,10.1816325953565,4.1238833005695685,57.56780525788394,60.99219212608118,16.4873142801196,97.8181911221401
2008-09-01,83.678736473712,77.9875452091382,91.4008226462246,79.644975556631,91.4028354759374,85.1357508203537,89.6111502452027,3301.44199333106,3.857732446379,80.3520580536681,19873.3055740702,36.2104709753749,,89.9,89.3,4.21665967598859,71.5281979549284,4.15769699660685,,,96.267630766757,88.4308854686537,25.0515011829282,60.9203735791198,94.8931573040542,76.5453009278891,4.56289409836689,87.0782563955395,4.74548035807283,105.579388060647,111.138135112351,4.14183947488614,4.33219453011328,3.98969703602803,4.17534375824963,4.15769699660703,76.93086666413,87.2720849991431,100.081629322972,8.25,8.07953995431219,2.10515460002992,2.11080444538004,2.13835929482809,14.3005832500364,14.288133135263,12.5469205550823,13.5751035674459,13.0782860378397,10.118205704182,20.9596954099031,22.037164203793,22.1070373443602,22.1977142053884,2.3892314274902,8.655,8.215,8.48,,4.15,2.29,2.3683728335320486,,64.48386106994634,10.1182334967545,4.1238833005695685,57.56780525788394,60.99219212608118,16.4882734756901,93.557848012518
2008-10-01,83.7789549375461,85.0688116215974,91.5434054648373,79.4092276427824,91.5437416067242,84.073448821197,89.4628675754288,3266.88876697639,3.95893447725772,79.8591961711962,18755.0140648269,35.0640794531409,,89.4,85.8,4.22242270823304,71.7641153151831,4.17409949764282,,,96.0979532397553,86.9535223540632,25.1513122363184,60.9107084723845,93.9794430658746,76.8025351030745,4.56234921425034,86.5687291485031,4.77978296908758,103.761768334912,111.933777572043,4.14135543474717,4.22637920561962,4.03114248522982,4.18784416532438,4.17409949764354,77.7214040950935,88.4974816272907,102.813334780303,8.25,7.09933230975311,2.06719337992127,2.09364531658374,2.11516881513318,14.3235961237278,14.3124804675407,12.5636439206565,13.6244253940723,13.0917186138084,9.93536035930575,20.9969357694626,22.0589373685662,22.1164677314967,22.2013133355467,2.55266441109141,8.6975,8.9488,8.36,8.5,4.21,1.98,2.522523513359307,,66.29783475960316,9.93537248320173,4.191082162602777,56.942091782511504,63.20667999429076,16.48536861586,94.7452789874558
2008-11-01,82.6371921161475,81.7836477075441,89.9878695921359,78.5840530084908,89.9892691808729,83.3233041888509,88.7773074301483,3114.29486435002,4.68395850846443,79.4695342371416,17930.6054257645,35.8288576335547,,87.4,83.7,4.22912872393224,72.1557819984226,4.17668837346208,,,95.8229284326718,85.2352073272225,24.2870987282796,61.821129777087,95.9595493119294,76.4386403483622,4.56069228290476,86.0996914964845,4.74241199188165,103.921379379374,107.459956108344,4.0874439755948,4.02606518158245,4.05085052996253,4.18534696414795,4.17668837346167,76.8603507404802,86.6010007705711,100.42196052886,8.25,7.69040377447482,2.06763300352101,2.08874647618923,2.10871401182344,14.3258465483226,14.3124030157311,12.5763480862605,13.639210283748,13.1016894827449,9.93770872112034,21.015790737767,22.0658710568522,22.1320943269299,22.2107008273164,2.58381969818243,8.73,8.65,9.07,9.8193,4.17,1.86,2.5572273113676265,,66.29783475960316,9.93771342006965,4.191082162602777,56.942091782511504,63.20667999429076,16.4777172836239,93.501953854728
2008-12-01,81.704574639597,85.3068695561365,88.974678974176,77.4253859289937,88.9754738646681,80.5855862787051,88.6347902088712,2924.99743904061,4.5089541786065,75.8399813188555,15486.9614352098,34.6529435001643,,86.1,81.4,4.23395435602087,72.4832717939923,4.17820305123214,,,95.085265395434,83.7002782185675,24.6362798226301,60.2238940026752,99.8009340841788,76.3479696111538,4.56227410548521,86.7524672495097,4.76384115487301,111.402133526878,110.441929814118,4.10312471865519,3.93451917149086,4.06245168924866,4.18494922769557,4.17820305123319,76.9136848909051,89.5176719853996,102.800589871326,8.25,7.84492264537138,2.0680740758891,2.04495349150352,2.0606831077438,14.3031977697106,14.2904623283035,12.5640261891299,13.6282656776525,13.1131554598941,10.0037049082441,21.0302592953597,22.0748508861328,22.1690541805744,22.2391149037268,2.61385120676283,8.6886,7.5474,8.2789,7.9897,4.21,1.77,,,66.29783475960316,10.0037061615338,4.191082162602777,56.942091782511504,63.20667999429076,16.4761571569256,90.8952503991385
2009-01-01,78.1724840890881,83.9030058270664,84.3321783074134,74.1843147215273,84.3334471325938,78.4188592507668,88.8966135257115,2780.51476190348,4.65326002608027,74.1070792583628,14771.4500835546,34.2070386058322,,82.6,80.5,4.23544541298153,72.7316081594605,4.17774340890423,,,93.9197138810818,79.1243326273696,24.933050909607,61.1886394355958,94.4465867159746,76.3078088948765,4.56902008295887,85.3735899655722,4.58272380137852,113.932494233544,112.295621757486,4.09300654671013,4.02279070169106,4.07020793062299,4.18680810069301,4.17774340890372,70.314859701153,84.5655161082015,98.9712008621896,7.75,7.22843600501325,1.97454018227073,1.94085237074294,1.96562570515497,14.3336283695208,14.3209793104886,12.5768492081638,13.6878599414531,13.1478012855634,9.90344227959341,21.0439478591037,22.0894781078696,22.1878076682066,22.25623511393,2.64402844554263,8.105,6.9082,7.7,,4.0,-1.3,2.6004649904222727,,65.91611385270906,9.90344138318621,5.004050768943992,56.1735146303547,62.28578056934477,16.4666319727661,88.5617177977594
2009-02-01,77.8558542004336,77.0306419324053,83.9692318082666,74.5069700822839,83.9699994160205,78.62352582922,88.1114810366268,2718.78029061702,5.00356313715168,74.7287206453274,14773.3177189488,33.6812303475824,,81.5,79.8,4.23698134026146,72.9909118428585,4.18141538326579,,,95.0905014834198,80.5183167209407,23.9108883042771,61.9129952316416,93.3433845249526,76.0734951678343,4.56756914683083,84.6756710520221,4.54056709128171,118.758512476459,114.279935800556,4.09840662575678,4.05669691313062,4.07154541183362,4.19032129333791,4.18141538326597,69.0676739107889,81.9253152507963,96.901385047235,7.5,7.21368381679792,2.00057234865589,2.01678112264812,1.96767453651526,14.3345200341104,14.3221725092409,12.584964477774,13.701957603311,13.1828031043689,9.80929212136426,21.0647170124848,22.0953453369766,22.206070011607,22.2689831637643,2.70037095307332,7.9085,7.1684,7.6,8.2396,4.11,-1.85,2.647592232065096,,65.91611385270906,9.80928619059664,5.004050768943992,56.1735146303547,62.28578056934477,16.459087695265,88.1022592699932
2009-03-01,77.6583590517776,81.7856844966866,83.2092466572171,74.4380145805033,83.2085210535485,78.6462392825964,89.0910288783073,2595.15307006634,5.04380762423749,73.6593058420083,14772.8291088041,33.3484214197817,,80.9,80.0,4.2427481776424,73.3111665937249,4.18516222395314,,,95.2626286149321,78.4870134609444,24.2136149474275,61.1837781190013,93.4153151716353,76.1648019821782,4.56896214280476,84.3354946964674,4.52245515248801,121.279413364071,110.61111087859,4.09001421992331,4.08832640513752,4.06731689334565,4.19454877018152,4.18516222395348,68.3383388582877,85.8830505611732,101.86550329809,6.75,6.39829193479118,1.85160390444486,1.84894094878112,2.01388957303524,14.3220454216629,14.3097494882758,12.5953080372595,13.682111219084,13.2063671803706,9.86963929365893,21.0615696403264,22.1001436064902,22.2080648338952,22.2712011727479,2.65262745115896,7.15,7.0781,7.1384,7.7499,4.16,-3.21,2.642622395779755,,65.91611385270906,9.86962351164226,5.004050768943992,56.1735146303547,62.28578056934477,16.456933708375,86.7757565248246
2009-04-01,76.9969683715013,80.6886513569022,83.2952524225532,72.8198217273417,83.2963335044554,78.2227912692286,87.5618317443978,2441.68231701229,5.32691310812066,73.0329844550696,14727.2981162949,34.4757520664888,,79.3,81.5,4.24830595976402,73.7068249428352,4.18225485416689,,,95.1891577636468,79.0210348880898,24.2099612082384,61.6974331746376,93.3212903544269,75.9935320856949,4.57058629438004,84.0399992565328,4.50320340415697,119.570096371988,111.342231812317,4.06145145560693,4.07808854984805,4.06555327870524,4.19221710158624,4.1822548541677,68.7855303142662,81.3059688103458,96.7643501625614,6.0,5.85057810455281,1.75394397734786,1.7552473586628,1.81701529674999,14.3166823176957,14.3047291665037,12.6020609073958,13.6825569933873,13.1787059478215,9.98799878613688,21.0691674881771,22.1060390257966,22.2110014464996,22.2735787081004,2.64196509985689,6.2475,6.0378,7.1596,,4.06,-4.0,2.6026896854443837,,65.11642025888315,9.98798390986788,5.113574095159335,56.315406447801195,61.19337431161349,16.4527434142464,86.1078804435547
2009-05-01,76.6179845297929,77.7241552685743,83.0408898816494,72.9220364695583,83.0411849559906,75.5145986131841,86.722876334656,2301.02301337396,5.65565254953992,71.4795353979702,14194.5666928798,33.3641541265642,,78.7,82.5,4.25306769463887,73.8714467079955,4.17862100628715,,,94.8286567517201,78.109975385438,23.9042970021609,61.8060473390033,92.2623570291154,75.7144695531932,4.56344389492133,83.4153095681277,4.50337188595647,120.805590255051,111.068204604398,4.01629610032755,4.14555316124857,4.08585693118109,4.19124111593117,4.17862100628745,66.1499315926461,80.5500201513331,96.4777213332247,5.25,5.20012006069799,1.64384839281748,1.65463177365573,1.70522663347173,14.307759100454,14.2956581981466,12.6106717218603,13.6742208853736,13.1788522520994,10.0718962889646,21.0795001425545,22.0971410642241,22.1949322025927,22.261250534243,2.58831011365999,5.435,6.1776,6.782,7.5499,4.04,-5.7,2.6026896854443837,,65.11642025888315,10.0718745732326,5.113574095159335,56.315406447801195,61.19337431161349,16.4470504266571,85.20667410008
2009-06-01,77.837753853308,80.1165934968258,82.8580887790961,74.8958080189626,82.8467280715279,77.9433690978239,86.6982497054363,2522.9551053783,5.45743711966182,72.4121541906561,14702.8997119847,34.1138135100848,,79.1,83.1,4.25693165273258,74.1085619019202,4.18193987684416,,,93.6772101508067,77.2849550579684,23.9960057262271,61.6887097930789,92.8885419175152,75.6582960004574,4.56650828387321,83.716127998516,4.58084717011026,118.406016067835,114.259768123302,4.06510469530796,4.23454780788344,4.09796213317652,4.1958587764557,4.18193987684389,65.9534480025848,80.1409896028235,95.7284065296867,4.75,4.84550526313951,1.59134511730159,1.61878186602275,1.67277824879315,14.3037208362247,14.2916895273856,12.6186793408771,13.6712806700876,13.1968166101214,10.1014239677394,21.0728732026593,22.1034440267387,22.2113514594141,22.277710842863,2.59131264649525,5.085,6.1974,7.45,8.2199,3.85,-6.2,2.6026896854443837,,65.11642025888315,10.1014088888811,5.113574095159335,56.315406447801195,61.19337431161349,16.4474834821879,84.7407287946933
2009-07-01,79.2275811021493,78.2337780069315,84.7410784422897,75.9195098541059,84.7416821742856,78.91679891977,87.2321986684349,2501.14265882487,5.61688408301109,73.1983765498665,14809.2562746878,35.6645207258325,,79.9,83.6,4.25961066054243,74.3684770727917,4.18454638588957,,,95.1121590786709,80.1539332755762,23.8949434928429,61.6297948989904,92.8729043653294,75.7636641178303,4.56602869013437,83.5081605092599,4.57238507824131,117.839142794333,112.139306750609,4.06571011849005,4.20855021841144,4.07989163003408,4.19789591208241,4.18454638588946,65.4859516636459,80.2360635289674,96.1379521298826,4.5,4.58707776336681,1.5489580642852,1.58031016193394,1.6311800674936,14.3060664545691,14.2943244338208,12.6258212519356,13.6825648716589,13.2065548425615,10.1986135014439,21.088664269795,22.1145939193455,22.2175074687044,22.2831723203259,2.59616873017802,4.885,6.1597,6.81,8.0899,4.0,-7.1,2.6026896854443837,,65.78043229966937,10.1985995282242,6.151801875580432,56.86942398076464,60.37399057631768,16.4483555075045,85.6506991183044
2009-08-01,79.083866022064,78.3844845628385,84.6995224661402,76.0080737029503,84.7018280161461,79.7100391422809,86.6840368590493,2501.38829059054,5.74060013090804,73.2662478811676,15956.6715040871,34.033504359541,,79.2,84.4,4.26227726914069,74.5854177334473,4.18939935814994,,,93.9315768776452,80.8109942586727,23.3467391892232,62.7345396568924,92.9638461052722,75.9983793947329,4.56565839776261,83.5027385637337,4.53422080991934,112.352706804435,107.813872201635,4.08109867832845,4.25227724953744,4.07328952813833,4.20441151251665,4.18939935814962,66.8326903752375,79.2173795173384,94.7688959156992,4.5,4.48106305294933,1.52633691999584,1.56246564991172,1.63963553115269,14.2936788464488,14.282156432008,12.6161420338356,13.6678723539057,13.2157249156961,10.251022368755,21.0888629254361,22.0906554650035,22.2110899090338,22.2804723748373,2.57746950524254,4.9,6.4595,7.33,,4.1,-7.2,2.5764217586237734,,65.78043229966937,10.2510099020047,6.151801875580432,56.86942398076464,60.37399057631768,16.4495228829868,86.3431002312034
2009-09-01,79.6670908283964,78.3595674132585,85.9096907786109,76.2985854172452,85.9102898644619,79.4711617620744,86.8018168336271,2537.39434854146,5.89699754297424,74.3432556288872,16673.3616837123,34.042365053385,,79.6,84.8,4.26513347592279,74.8202777315207,4.19572261635033,,,94.7035545159676,83.2604477080212,23.6107854128096,61.7373847779529,93.0439230314914,75.9480363774741,4.56435171045822,83.6943340344159,4.47967878392403,113.778982189116,106.211822541192,4.13349642411004,4.29580796582402,4.08775646937225,4.2111488586077,4.19572261635029,66.7653551049429,79.7840758084969,95.2459114769727,4.5,4.48105628196513,1.53527191851336,1.59559969373931,1.66891199729705,14.2955496916973,14.2848705111587,12.6311299916472,13.6742598649721,13.2225475416224,10.2827610032564,21.0861322566441,22.1055950742827,22.2139558047386,22.2850284411076,2.59359698227734,4.93,6.54,7.4979,8.0,4.4,-7.2,2.5982353350950036,,65.78043229966937,10.2829007857533,6.151801875580432,56.86942398076464,60.37399057631768,16.4510508814237,87.1528399167247
2009-10-01,80.2883372287252,78.320661282845,86.3556811407526,77.0968575531518,86.3587545394922,80.3199826217222,86.2914369760265,2515.18101581962,5.59000396714169,75.0393832364365,17287.5207333295,33.4127809800824,,79.8,85.2,4.26700034864318,75.0814072785418,4.19846459865081,,,93.6229101303671,85.4057181673237,23.4032307570772,61.6365913687067,92.9364568942891,75.947574382333,4.56179409257655,83.9147240887739,4.53113017259484,116.441269764572,105.856245200262,4.14266097068048,4.3514318588188,4.0674864549103,4.21583629139152,4.1984645986507,68.0517935748832,79.6195053959192,95.2770189210018,4.5,4.4148216468489,1.5233008690036,1.58352273937587,1.68778341329161,14.2881986910331,14.2784991704123,12.6388766362505,13.6619098272161,13.2264277996214,10.2717742849265,21.1241014995729,22.1069016054289,22.2251499404761,22.305891894792,2.58529633067946,4.9513,6.59,7.3894,8.05,4.6,-7.2,2.5877640352277083,,66.88354330389093,10.2717695033491,5.237696500303151,57.36690527342652,60.53302346132491,16.4516310551878,87.608200006712
2009-11-01,81.0921387848861,79.3745449258399,87.6809961383151,77.4905235058264,87.6811997325333,81.1917158330636,86.3251321818826,2599.13192711099,5.36070089836781,76.5337101253869,18486.9524673053,34.0132842124528,,80.9,86.4,4.26745735105615,75.2577659338475,4.20220944833181,,,94.5368883133405,87.4859952648529,23.7967990961633,62.0152724666302,95.9616608563713,76.0385152976318,4.56050483215784,84.5210553079649,4.56318410998293,105.80796394759,106.106412372992,4.18451373907833,4.39973506881688,4.06344859715173,4.22092343912748,4.20220944833249,70.4773343410436,80.1163012521611,94.7330469415584,4.5,4.37976061508455,1.50649778231478,1.53132117496499,1.63081223333553,14.2868261540357,14.2839675826424,12.6850537543135,13.6646481581291,13.2288514936468,10.3471547195634,21.1181299061459,22.1100796736881,22.2310595812476,22.3129955903963,2.55075109003845,4.945,6.2976,7.25,,5.0,-7.0,2.580216829592325,,66.88354330389093,10.3471459582401,5.237696500303151,57.36690527342652,60.53302346132491,16.4563199128156,88.0787431605044
2009-12-01,81.5493155082039,82.3035156404927,88.0514187234998,77.8987149264644,88.0526023003989,81.6753043848705,86.8181301283321,2641.09555895886,5.26616589275682,75.992832838927,18420.7325976904,33.7670208643858,,81.5,86.8,4.26907823828745,75.5014502005567,4.206219376474,,,94.8226360538552,87.2160953251764,23.6961146317701,61.8567379651527,96.0232653648442,76.1048839775665,4.56468577899713,84.7468853819771,4.55401905095253,104.182165255001,103.684562984477,4.16214354972456,4.37445641547093,4.04791992627232,4.2245386565613,4.20621937647475,71.1621831994989,81.8910225969326,96.2860944439632,4.5,4.41820825884642,1.50750461923591,1.54993610687044,1.6049549645262,14.2891897489603,14.2873324000084,12.6994079532259,13.6749403734371,13.2308829028008,10.3607994427326,21.1172545725762,22.1159211596999,22.2323864039401,22.3086255356231,2.5542631778832,4.915,6.395,7.45,7.8093,5.1,-7.0,,,66.88354330389093,10.3607905504602,5.237696500303151,57.36690527342652,60.53302346132491,16.4629978022204,88.4844375444682
2010-01-01,80.8667181529841,78.1873815404946,87.8797293544411,76.988073749422,87.8784480987466,80.7148462629741,85.901884032373,2550.5674465031,5.52309799083287,75.3758042474469,18466.0838036447,34.5011579970345,,80.4,87.8,4.27861867466045,75.9776663294594,4.21284796967268,,,94.6027407164125,85.3921492502991,24.9168039013628,61.8788987224821,95.7713447621075,77.0731911165897,4.55488933137007,84.8674258548128,4.58890039714441,102.864776399107,106.520357521212,4.22992128897723,4.38636776013735,4.07402344261697,4.23031494844683,4.21284796967285,72.2351806587886,80.8556408518951,95.2263696949147,4.5,4.41828772482434,1.52256000579856,1.56322689119571,1.59363397837875,14.2963762242904,14.294178458027,12.7099145634492,13.6754149343488,13.3014375945289,10.3463559044949,21.13393570711,22.1143310996201,22.2236422054208,22.3032255294306,2.55084171406166,4.905,6.2688,7.3658,,4.5,3.2,2.563409711275944,29.7856997513859,68.05807984511122,10.3463512627272,5.30157214853566,56.19045243693027,61.64085217560861,16.4667164132385,89.336056948026
2010-02-01,81.5154465422889,83.5173121976374,87.4975358611831,77.9403334555595,87.4977409791417,80.9635670928129,86.7147701638761,2461.64476582938,5.22777853098468,76.3026572986461,18939.1795963149,34.5274070432962,,81.6,87.3,4.28326804986188,76.1853849992538,4.2166018031975,,,93.9847689691506,85.4569038958371,23.9973290582633,61.70760331315,95.6976929441306,77.1778601284066,4.55417061186024,85.0980325511874,4.58316769225222,104.083609082099,108.267617151091,4.17811775233682,4.38427555150727,4.08398320409119,4.23370246552127,4.216601803198,74.6594698221005,81.3474756007042,95.7094015096394,4.5,4.47194924466779,1.53890794819702,1.56510642086883,1.60818165890309,14.3001356621776,14.2979922140448,12.7188374951275,13.6782309505412,13.2699953998039,10.3812363910509,21.1311141468544,22.1223953848413,22.2257261987409,22.3104172962952,2.53770815000875,4.92,6.1,7.049,,4.35,3.8,2.5687881337687024,29.8161401190313,68.05807984511122,10.381223860498,5.30157214853566,56.19045243693027,61.64085217560861,16.4714794189455,89.7322367213128
2010-03-01,82.077040854283,79.2918961092917,88.5216474646568,78.5932411468611,88.5209606443015,81.6111807177408,87.4402872648173,2425.03770764721,5.26841333776743,76.7185605905712,19642.5210200498,34.7243921628415,,82.5,88.3,4.29063319994678,76.408815253051,4.22133016591829,,,95.6566288957973,85.7887078561681,24.175522493633,61.6347777077666,95.7601184830604,77.3970980204298,4.5525119111029,85.3476916551116,4.68295927437552,102.777489435287,109.815881757047,4.16423196504427,4.33927913938068,4.11591998771454,4.23708616636461,4.22133016591839,75.242942163879,81.6225565958778,95.6704692326249,4.5,4.47650089281547,1.53517735298082,1.57105741689661,1.62155404880139,14.3044915600748,14.302603559726,12.7235579857597,13.683796209976,13.2650803347108,10.394350562667,21.1439472058888,22.1164596817199,22.2329573349791,22.3225872910376,2.52122848657622,4.915,6.1183,6.78,,4.1,4.0,2.5416019934645457,29.8075983285647,68.05807984511122,10.3943279422456,5.30157214853566,56.19045243693027,61.64085217560861,16.4777644899175,90.3717062465692
2010-04-01,83.0036244210914,84.3342431266546,89.4857859929134,79.1094305168625,89.4862168470483,82.2563693811803,86.5121092825685,2364.12525882785,5.46432685139494,77.4651520116875,20587.6498756449,34.9639287305017,,82.5,89.1,4.2898160874491,76.5974353942383,4.22117112454828,,,93.5775190286899,86.8438996027139,24.0023392746623,61.43622416054,95.5930817126079,77.7073879695161,4.55233807698677,85.5804390047234,4.61301709304704,106.107125035865,110.588253455467,4.14212114033254,4.33128829346596,4.10124422115894,4.23749370822019,4.22117112454843,74.0425153921079,81.2308925060452,94.9900854329327,4.5,4.54073077284116,1.5416349359726,1.55599751162917,1.62548701338808,14.3092690376452,14.3075077415461,12.7333984836664,13.6887801591509,13.2572202673165,10.3888957025213,21.1446454786866,22.1194063386792,22.2356328673162,22.3340614565137,2.52728314490037,4.955,5.85,6.63,7.5359,4.25,4.05,2.5185025992165158,29.8005247356228,67.72589740475745,10.3888736382593,5.1747125340699505,57.2019485583802,60.819328773677974,16.4828762133139,90.779808687546
2010-05-01,82.8587624968658,85.593962788326,88.9733910361311,79.1870783207787,88.9740701185749,82.6725101735716,87.5237283752366,2531.13267826858,5.25824682411662,77.867375186788,20019.938521421,35.8876787904213,,82.5,87.8,4.29175230179017,76.7976209531532,4.22626898863922,,,92.6643957897621,87.4895002264779,23.6755465095322,61.8303522567304,95.527152298501,77.8919517677025,4.55389650196358,85.893137384852,4.61403809052542,107.397105766714,110.498783432781,4.16138611062418,4.29386415317326,4.09838210263954,4.24115716384173,4.22626898863955,73.3323498243341,81.5707722918652,94.8659073152365,4.5,4.61686283456401,1.54718172800376,1.57001186365834,1.6129365485741,14.3195460886232,14.3179869289926,12.7409215373316,13.706412013543,13.2630493279771,10.3562077435229,21.162180707903,22.1395775069316,22.2480185903101,22.3476597415894,2.56843591801046,4.965,5.73,6.198,7.49,4.35,4.2,2.517696472610991,29.7632839791226,67.72589740475745,10.3561755401895,5.1747125340699505,57.2019485583802,60.819328773677974,16.4868681129411,91.951785616431
2010-06-01,82.8249312253332,81.2390444448456,88.977012900061,79.3198084653924,88.9688851218016,82.7581509356776,87.092773533083,2367.44265551196,5.19292007954307,77.9143551577009,20070.4137027596,36.568564865681,,82.9,87.7,4.29345151015671,76.9664232929923,4.22868666159371,,,94.3148733906628,87.2833934064476,23.6727969668007,61.8725928838782,94.1100670572187,78.1058758849258,4.5536345106361,85.6132445813005,4.66823593583819,100.963682831765,108.887654520872,4.14732297497875,4.26896982297547,4.09140658147569,4.24172573991048,4.22868666159261,73.4083250103052,81.9978996556941,95.7613559492484,4.5,4.68090901432246,1.54498495104485,1.55908918961331,1.58217743824915,14.3276902263139,14.3263213668586,12.7499627867181,13.7168685685061,13.2730134041459,10.3488347563929,21.1716283841421,22.1443061919245,22.2524365724166,22.3570584485109,2.56280971928909,4.955,5.37,6.23,6.88,4.2,4.3,2.5249283241374862,29.7671212738101,67.72589740475745,10.3488091836717,5.1747125340699505,57.2019485583802,60.819328773677974,16.490428565819,92.0201670684765
2010-07-01,83.1067603781999,82.9725258367454,88.7376449548532,79.7865600014187,88.7402378317261,82.6840416503709,86.6527456855861,2419.14065067209,5.32354054729131,78.6931811158149,20223.0874082635,36.2966560186236,,82.7,88.0,4.29530859207692,77.1536554071724,4.23324099365657,,,93.4992094824365,87.1297766921237,24.1527832527332,61.3922880589979,94.2449134216093,78.4584979980994,4.55117408596537,85.8787009502761,4.62616593515171,104.123514049728,109.269949221019,4.17601328262225,4.30893766100469,4.10764547536028,4.24757273583895,4.23324099365707,74.1037854502453,82.16004589684,95.6384668618271,4.5,4.6777256099232,1.54279941779556,1.5562764102366,1.5791092579618,14.3290631287401,14.3276735091208,12.760376225216,13.7153594908917,13.2826513134287,10.3765371141486,21.187113311835,22.1521836202275,22.2624558915293,22.3714866975393,2.550010846357,4.935,5.43,,,4.15,4.5,2.533696813957432,29.7937905676692,67.28932275290433,10.3765100492049,5.567447957417044,56.81481723027182,61.11798184018168,16.4931927883588,92.2634811988872
2010-08-01,83.2901404799717,81.456414582573,89.4414205348542,79.961886088781,89.4417887954369,82.7054284332999,87.5060556688085,2548.33285059724,4.97142064684769,79.008372887514,21248.4411067914,36.650065784355,,83.4,88.0,4.29866841779095,77.3351999118957,4.23601956413143,,,94.1173243553058,88.4625962795021,24.0357444112191,61.5010739885164,94.3015242818456,78.6082117997752,4.55209679991812,86.0894382343455,4.62757850418879,104.629381760458,112.418278575704,4.20088800763187,4.30967213337983,4.12658600586254,4.25047392467566,4.23601956413149,74.4959093120002,82.1808298927086,95.4307455729745,4.5,4.4978185757291,1.54427384900265,1.55597228328329,1.57046992025548,14.3415514105298,14.3404032371095,12.7701332866146,13.7321232449913,13.2985211027063,10.3759612898091,21.190686858647,22.1715944764693,22.2804699934401,22.3946559756067,2.56098515490307,4.88,5.23,,6.4899,4.2,4.7,2.5360749363624,29.8009017444544,67.28932275290433,10.3759337434144,5.567447957417044,56.81481723027182,61.11798184018168,16.4973007122365,92.4350721310767
2010-09-01,83.5579437410632,86.4325277060697,88.9913750851128,80.4259671725547,88.992245987483,83.7950547550821,86.9735322468049,2621.12421871121,5.21384255540049,78.9393389949245,21143.7015759939,37.8808367560601,,82.5,88.4,4.30208987586228,77.5718532660999,4.23644479696354,,,93.1802691335541,86.9986915778254,23.7004520879181,62.660076259119,93.9728146347836,78.8024948317267,4.55467218740299,86.161688933542,4.66825457927652,99.5727829818366,113.677369713392,4.1966995243042,4.34471437149392,4.12406236531136,4.25169216590504,4.23644479696348,74.2464385711483,81.6819638137457,94.7672538333224,4.5,4.34636572207679,1.52169502817766,1.53026580410407,1.55590974961036,14.3503716913478,14.3497596377584,12.7773471616043,13.7438656720972,13.3091801550887,10.4165526180481,21.1969399362811,22.1734784719593,22.2826116148572,22.4003021886161,2.52380755975044,4.8733,5.2192,,6.2495,4.1,4.7,2.534490149976828,29.8541560305867,67.28932275290433,10.416809013358,5.567447957417044,56.81481723027182,61.11798184018168,16.5008052270866,92.7479429747657
2010-10-01,83.5064585354747,81.1390367180793,89.0103442160795,80.5856115493021,89.0103811276759,83.6975109059383,87.2845562963284,2661.56192436774,5.41925596291143,79.3959707405602,21140.5270672638,38.2445947327419,,83.5,89.7,4.30669955808778,77.728437891666,4.23834845383897,,,93.1359711421964,87.3427745353811,23.8851248538525,61.8013129094492,94.104287676285,78.913097587405,4.55381890514534,86.3479337916736,4.66182545342601,104.174589787052,114.380071295442,4.20990803837748,4.38179169462255,4.13740992465951,4.25502268544036,4.23834845383889,72.8956371091866,81.2145852042419,94.2579019857864,4.5,3.75435008031331,1.46003905262582,1.48817403155743,1.54706708663597,14.3620213435124,14.3624872414483,12.7844213363062,13.7572762596688,13.318193410154,10.487701081179,21.2045853816322,22.1843057685426,22.2905720433318,22.4268619508672,2.51850146147533,4.8775,5.0401,5.5295,,3.9,4.8,2.5257286443082556,29.82133833571,67.05076448912592,10.4876790636531,5.292055897171749,55.8629050654601,64.91376816532403,16.5044883248675,92.6306274112509
2010-11-01,83.6751638360958,81.6360888212559,88.8325735462325,80.9629735233772,88.8343926521045,84.4561331381553,84.6486561683972,2662.42413195753,5.34617713176254,79.9575108283606,21811.496410834,38.1287709747717,,83.7,90.4,4.30968388964314,77.9865281002335,4.24055619334483,,,93.2120143481178,87.6911794821289,24.2008450491966,61.2447349974999,94.3729689895404,79.1965305496792,4.55780127324416,86.2949615553039,4.65694321360827,111.768835722534,112.031745169279,4.21340173996136,4.40044874626737,4.13852627828114,4.25811503480934,4.24055619334436,72.1046647359828,81.5544480265377,94.4908042894766,4.5,4.25934195510931,1.4944434390126,1.5072869215325,1.49336963710414,14.3687217369026,14.366475681058,12.7972688664397,13.7608700582802,13.3218625851125,10.5146796975527,21.2117056571875,22.1849211965167,22.2786391588599,22.4178964227675,2.51524140412115,4.895,5.1497,5.28,6.1295,3.9,5.05,2.516889695641051,29.8458511175097,67.05076448912592,10.5146536682157,5.292055897171749,55.8629050654601,64.91376816532403,16.5096933723972,92.8400058307441
2010-12-01,84.3715162066406,78.3621084409258,89.6804590847028,81.8059393447592,89.6799251351457,84.7308735417601,86.9757256582653,2613.03106779854,5.470938428552,80.0200446027257,21800.1721145818,38.0449469863949,,84.1,91.3,4.31209865205325,78.2049625651907,4.24716150277068,,,93.2283950741726,87.2452930935109,24.0637336709006,61.5740005422973,94.2789816277111,79.5025317214874,4.55590044501908,86.3849094149154,4.66319065285281,103.611932209825,113.390465858422,4.25970529677784,4.48081079208696,4.1523755847761,4.26734849529046,4.24716150277086,71.9400373628094,81.5170143427298,94.1896338873287,4.5,4.40252327746268,1.50381616998619,1.52357879807443,1.5631092994772,14.3737274503555,14.3701178839255,12.7986084756864,13.7634834907462,13.3309457423722,10.5406219418308,21.2484369388126,22.1905956935658,22.2902242473979,22.4293790176118,2.49801807508835,4.875,5.44,6.108,7.16,3.9,5.1,,29.905441508757,67.05076448912592,10.5405994784918,5.292055897171749,55.8629050654601,64.91376816532403,16.5131254819863,93.7834912130432
2011-01-01,84.5355331299272,80.7415266965668,89.8319760798433,81.7395444450734,89.8322048136776,86.1362767899352,87.5393198103586,2799.95719845387,5.11056714614532,80.5630254593661,23123.9096716717,38.0475955492036,,84.5,92.1,4.3155248460191,78.4611929134216,4.25145718595638,,,94.3745858473321,88.5240607836653,24.0058574718065,61.8225034606374,94.2801780320033,79.5527314585013,4.54903445228331,86.3944930202739,4.6832627214786,104.295183462414,112.007510449231,4.26234693343491,4.50324221508911,4.16545162717569,4.27214125230411,4.25145718595595,72.9205936632355,82.3749320037802,95.3121568421931,4.5,4.01146573667598,1.45399821623401,1.50340216578501,1.54712241775624,14.3861098745856,14.3830760830863,12.7869547531182,13.7813928932049,13.3496854768015,10.5370593150337,21.2461986301457,22.1978356351917,22.3004987365641,22.4380930203784,2.48636578580569,4.85,5.89,6.27,,3.9,4.0,2.505525936990736,29.8356283624199,70.51776078778431,10.5370495422067,5.161120776769671,55.702914676747405,62.41433847452746,16.5158575212712,93.487469789594
2011-02-01,84.6749295163592,79.0770358720918,89.6188352314573,82.0841579246214,89.6183630451208,85.9715547087367,85.2198045493641,2735.03996506328,5.2837594320097,80.1148613309222,22766.5422353678,38.7946108537481,,84.1,91.7,4.3179297552672,78.648785304193,4.25678287838607,,,93.97228584309,88.8833312190378,24.2263027587536,61.7352174638455,94.1460203560149,79.8242320869302,4.54931378577412,86.6225542181557,4.66393037613045,103.027729992102,112.221154474508,4.28252030681435,4.53471056701055,4.1782959647034,4.27717307111031,4.256782878386,73.7352620166827,82.6538728502907,95.4789011558385,4.5,4.13046121562344,1.45076684929988,1.51980555569755,1.56735899154522,14.3997263379436,14.3965136626227,12.795614454411,13.7969340090514,13.294152640356,10.5281828208156,21.2598963597443,22.2053635315799,22.3083573233659,22.4532273886822,2.48649077886866,4.8413,5.87,6.3997,,3.85,4.1,2.501435951739211,29.8693795134876,70.51776078778431,10.5281635848684,5.161120776769671,55.702914676747405,62.41433847452746,16.5186605822624,93.1452118503078
2011-03-01,85.2117543113103,85.4645595934883,90.2880129626727,82.3526936439799,90.2878660481278,85.7309432249897,85.8325737354803,2801.8819651315,5.0601254716559,80.5804591936964,22782.7059897884,38.4960912589818,,84.7,92.1,4.32010760338748,78.8527521360338,4.26200110562042,,,94.9621765040733,90.4610937586943,23.1496778682535,62.4385494945226,93.8632765213479,80.0798055767868,4.55004616766542,86.8360390229869,4.63375513062424,102.960231298074,114.070017874886,4.27909895510411,4.58118874377134,4.19253783269323,4.2847435807049,4.26200110562022,74.7057583218766,82.8204707621883,95.4041751456885,4.5,4.31043343903827,1.48073529358317,1.52773092156439,1.55366264107727,14.4175117941432,14.4146423287309,12.8049400889852,13.8186649111907,13.3085145416107,10.5107544502282,21.2725176491538,22.2150492538537,22.3138849537497,22.4621065738498,2.49297705309361,4.845,5.9,6.77,,3.8,4.3,2.501435951739211,29.9288635310133,70.51776078778431,10.5107286188247,5.161120776769671,55.702914676747405,62.41433847452746,16.5226078349833,94.0860119453132
2011-04-01,84.3476940430762,74.7165042715925,90.2066123407589,81.6914236410851,90.2070417324904,85.6746782429799,87.3280665507693,2898.76836524051,5.17085055419794,80.3184174949118,22599.7837777608,37.577993973682,,84.9,92.6,4.32290416278726,79.0312926753227,4.26942769968833,,,93.4276639452953,88.3918037954547,24.3274487101902,61.5208431402395,94.2442004448901,80.4829726278581,4.55181606143277,87.0497421021104,4.6358230119011,101.223089052047,113.326552752033,4.31240547349036,4.62467998952156,4.19362109540252,4.29403386617041,4.26942769968907,75.244018259812,83.2901894116144,95.7374826458602,4.5,4.30313095070421,1.50447170545772,1.54023661320878,1.58689920236811,14.4356233478139,14.4329446170045,12.815268902627,13.8191371188632,13.2965178426517,10.5118385517228,21.291622032232,22.2278031784845,22.3255608246253,22.4830179226743,2.46832292706094,4.8599,5.87,6.45,7.279,3.9,4.4,2.4849066497880004,29.8997870986583,70.59645145019633,10.5118121196769,5.238162432407813,56.51860643367353,62.12443313761542,16.5244734771866,93.9379727335812
2011-05-01,85.5109351980843,77.2760676003279,90.9816243621153,82.8301402164612,90.9804321070411,86.18831485342,86.9948345288729,2968.08176878077,5.35232475710072,80.9034737932841,23449.1961690359,37.6685352693767,,85.3,92.6,4.32396731306457,79.2009286625071,4.27045833703525,,,94.53643282968,89.3846764633108,24.5221247165959,61.5349640253814,94.5462500182587,80.7334446940672,4.54769699247794,87.0596108685281,4.65447329345216,99.998546169612,114.674235709818,4.26068617697745,4.57171447834574,4.19118702933285,4.29334051638189,4.27045833703535,76.8886771367587,83.9899184731003,96.3564589969162,4.5,4.45127175889839,1.49978148559466,1.52553975937982,1.55495219408619,14.4374283485682,14.4349271777131,12.869406266199,13.8214677945665,13.3025946099345,10.4817674781687,21.2834295139714,22.2277783067056,22.3270549257774,22.4978273242776,2.45708868534308,4.8449,5.6497,6.18,6.92,4.0,4.4,2.4765384001174837,29.9366062832473,70.59645145019633,10.4817283789596,5.238162432407813,56.51860643367353,62.12443313761542,16.5284886776048,93.9678693049091
2011-06-01,85.881411618012,69.4878384866503,91.8685032992002,83.2652777546093,91.8665673040157,86.2785769072528,86.9710440046892,3096.70708112118,5.57849761900328,80.8311635166452,23582.4141017213,38.5025178931303,,85.3,93.2,4.32583795676225,79.4170193623677,4.27584738215451,,,94.5519021252947,88.719130606237,23.9179415011561,62.0173870586544,94.7429696743899,81.4014974932704,4.55419523500917,87.4584548617321,4.65104026607152,103.632266010284,116.172975821617,4.29016079990545,4.56019878296665,4.21144493144309,4.29681915542931,4.27584738215029,77.4046306823965,84.0822914186629,96.1154953052201,4.5,4.37018500649715,1.47533789820742,1.51371659239184,1.56907746494259,14.4469916996266,14.4446727547238,12.877683534527,13.8289153204533,13.3018230488979,10.5131072258645,21.3087633765813,22.235038977074,22.3396255717486,22.5133493222516,2.46553007069199,4.845,5.51,5.939,,4.1,4.3,2.4790562361098245,29.9770646658828,70.59645145019633,10.5130755513375,5.238162432407813,56.51860643367353,62.12443313761542,16.5315485836974,94.2066931790711
2011-07-01,86.115627941403,81.1191128458004,91.638057796077,83.084334425,91.6371542911152,86.8047260869832,86.4917042044906,3078.08912796332,5.2736220433887,80.9133321479667,23968.7555625193,38.9520978570952,,85.3,93.0,4.33010755727575,79.622379806822,4.28215106080205,,,93.9233006992431,89.8977549641347,23.8978606672915,61.8104213701166,94.9771441550887,81.4660340176469,4.55836939023779,87.5993077904825,4.63223193134638,101.168882918606,115.576751274505,4.31069549749946,4.58644420287864,4.24057983590474,4.30387735565558,4.28215106080214,77.3839617659512,84.0383291706616,95.89548815744,4.5,4.14727199876237,1.43991453450367,1.49619034159987,1.54187099119683,14.4634332393015,14.4611761317261,12.8835240141447,13.8480421232105,13.3015658378356,10.4874616920039,21.3124841146445,22.245517464358,22.3459677772348,22.5239661110965,2.47146244026279,4.815,5.59,,6.8998,3.9,4.2,2.47232786758114,29.9229960725905,70.97652870040227,10.4874263102061,5.546792760062356,56.8144502263856,61.69354154718319,16.5349434520173,94.5345691225624
2011-08-01,86.8347908062632,84.0876408208599,92.0723107675097,84.0071044514882,92.0719362633038,87.1789997079078,87.0707735482422,3021.5510056056,5.34008509796273,81.2736916175088,23148.6008894335,38.3968803846615,,85.6,92.5,4.33239573049411,79.8126995101979,4.28732125150612,,,95.9532342241763,89.1959937049295,23.9284865098279,61.5377335711153,95.0115543279631,82.0232580425055,4.55889453944886,87.7170047698117,4.67137390471778,105.715688893257,116.559955248799,4.32430450894294,4.55884481262032,4.21728314330659,4.30830495941801,4.28732125150783,76.5558538404083,84.9281725428772,96.8152858898633,4.5,4.12974557185136,1.46749876662474,1.48026462245445,1.52009666914062,14.4726733517453,14.4706078483472,12.8920415965658,13.8546284196739,13.3049497148011,10.5020949493195,21.3133876946943,22.2552488848908,22.3644376591616,22.5560063905706,2.49533438129218,4.8,4.64,,5.7797,3.95,3.8,2.492378664626701,30.0368598310343,70.97652870040227,10.5020444357536,5.546792760062356,56.8144502263856,61.69354154718319,16.5385139222825,95.1317891733325
2011-09-01,86.93551107485,84.4781549233731,91.9191741143809,84.3471186003038,91.9198907646399,87.454715731345,88.0705805543841,2901.67228679214,5.24003171960161,81.4011378055412,23256.7753655953,38.1111292153205,,85.7,91.8,4.33316729025875,79.9917457218622,4.29187227421982,,,95.3135314579277,90.5976567649457,23.5373160612638,61.9552574238064,95.1939979208608,82.6906649465361,4.56079777314855,87.9848337249738,4.69250392841449,107.470913569504,118.222446838035,4.32659798395362,4.63285721207152,4.19890318117912,4.31494482668823,4.29187227422044,77.7843135953896,84.8419679591823,96.4816942740739,4.5,4.34323467087409,1.475260932422,1.49358228257818,1.49889676526852,14.4938901230488,14.4921588964817,12.9003751096984,13.8804600268595,13.3177286066934,10.4243125281912,21.3718074047176,22.271007010033,22.3905433723469,22.5638653650164,2.61609069065777,4.7875,4.83,,,3.9,3.8,2.5217206229107165,30.0542157368601,70.97652870040227,10.424665950706,5.546792760062356,56.8144502263856,61.69354154718319,16.5421099040643,95.0703278570486
2011-10-01,86.9902241953982,81.7018682509972,93.1475753418608,83.7782406136015,93.14827249517,87.6722416786539,88.1382015238235,2757.8746283941,4.81039648054793,81.4627207505888,23061.4372622839,38.3749684348533,,86.3,92.2,4.33829364956352,80.1915141484371,4.30037382055331,,,95.9077606622704,90.5188768630608,23.8840612150329,61.9649322036268,95.4371375088793,83.7807636036188,4.5615631272918,88.2033544642295,4.68499025399586,108.630649824157,118.264766185946,4.30147528669956,4.67682853032791,4.20910717814603,4.32593393560911,4.3003738205539,78.0752771497311,85.4398786150435,96.888249399219,4.5,4.31361373644371,1.47518512129509,1.48374094865697,1.49641452789028,14.4933169766208,14.4924333325074,12.9087429011261,13.8710594551165,13.330328861192,10.4997800213544,21.366113919121,22.2788512154252,22.3892087185548,22.5761046449329,2.58325274079737,4.7975,4.66,5.11,6.85,3.8,3.7,2.5641798306825083,30.0430164200403,70.92663889798436,10.4997438080465,4.85695871613637,57.70095057337479,61.85793505091479,16.5454099301992,95.8323849116272
2011-11-01,87.5944568601177,80.9972032528859,93.9617183606597,84.4627930647422,93.9612587702224,86.9091805321512,87.9769149351109,2929.8743847786,5.06115106385825,81.6119311106236,23450.4947469721,38.3137800170147,,86.6,93.2,4.34376428337333,80.534504589276,4.30647402215856,,,95.8303585733843,91.58891901897,23.7235330289724,62.2349845168945,95.377996996959,83.9247387748431,4.56197590681445,88.1617637743676,4.66759860061894,109.786075907176,118.66024061142,4.30370372509575,4.7385934529679,4.23089484233339,4.33493495104945,4.30647402215929,78.4899384137628,85.0134764174747,96.449791429625,4.5,4.32248341242837,1.46743838950911,1.48567870193531,1.48437907432524,14.5101014202113,14.5070212521087,12.9151393600916,13.8873393104245,13.3428904608583,10.5089437749591,21.3638096921963,22.2924976208325,22.3969720683777,22.5815455738518,2.60353735601216,4.795,4.84,4.9796,6.38,3.7,3.9,2.5982353350950036,30.0575503658037,70.92663889798436,10.5089022712574,4.85695871613637,57.70095057337479,61.85793505091479,16.5481627980742,95.8949840117385
2011-12-01,87.5505137331005,82.5149149215662,94.4644287824874,84.0811898038102,94.4665059845763,88.0425515983842,89.4509678828312,3123.60937806212,5.02627255754193,82.0886160519027,23769.0125869867,37.6028478568417,,87.2,93.5,4.34958969864382,80.8251880980309,4.3137429203191,,,95.4686598069868,92.6269703370846,23.2923798257246,62.7589530229929,95.0216646244237,84.1416788516906,4.56053993592091,88.0988129352353,4.67735848026822,109.362488382667,118.32040952487,4.2786944796248,4.74079711665326,4.25044272303416,4.34249028899918,4.31374292032068,79.0736371627921,84.1546226960942,95.4009695594085,4.5,4.30904441912487,1.48774017689478,1.49484706229059,1.50534277599107,14.5298624882757,14.5274477631117,12.922959257851,13.9110962201576,13.3570530455757,10.5013586312643,21.381865496644,22.302833821237,22.4191303269386,22.6076232045392,2.61996854722232,4.79,5.0,5.2999,6.4599,3.6,3.9,,30.0503589344936,70.92663889798436,10.5013236225195,4.85695871613637,57.70095057337479,61.85793505091479,16.5532281731005,96.3915492813814
2012-01-01,88.3945713133783,82.1775325894099,94.5518002906547,85.3678361005107,94.5512718421133,86.6876700481716,89.5389959942992,3098.39783728875,4.66880171075637,83.3085510749667,24593.91610782,38.9832340868708,,88.0,94.1,4.355181748194,81.0965524113668,4.31608397947491,,,95.8895275810533,93.8260493527951,23.399279137993,62.0838901262609,96.8794863847206,84.2437844365626,4.56223564036486,88.8967983492208,4.60602858643323,121.48713541653,112.443884716094,4.27626712968991,4.74646784571742,4.27021105598481,4.34517503992997,4.31608397947558,78.573931026412,85.0805654747409,95.7862975085138,4.5,4.22102395200734,1.47368025270004,1.49853847091005,1.53224739832909,14.5320686668962,14.5295333649093,12.93126890222,13.9046053924528,13.2717627518717,10.5391250543179,21.3821317724229,22.3123625190956,22.4237588677375,22.6217282905314,2.55621753174087,4.7925,5.01,5.0,,3.8,3.3,2.574137783515943,30.108810902221,70.36607661220779,10.5391103918986,4.916790794895321,56.72318719132845,62.07379571345162,16.558141375729,96.9818260548658
2012-02-01,88.5330713749984,83.5198732435651,94.5799519434979,85.3522719882626,94.5869791469445,86.7697124175412,90.4873077207046,3197.43016032144,5.4205883509857,82.4175131257645,24960.2898024985,39.460679542239,,87.6,94.3,4.35581941977446,81.3056091235147,4.31414332221656,,,95.6547319023855,93.9146718502634,23.638002223934,62.2352732272699,97.203264507511,84.2399604443014,4.56106762137713,89.0913110830143,4.61035417279578,118.075495738674,114.199272493299,4.23845405729899,4.70660528461149,4.25475283008179,4.34047865649841,4.31414332221616,78.06950049702,84.9385899021046,95.41612655933,4.5,4.26607257707394,1.49157385536826,1.50520887127068,1.52208952656509,14.5384781584478,14.5355119255187,12.9397447368032,13.904047452273,13.2819764923004,10.5415602447,21.3789125627842,22.3191501026282,22.4326221879375,22.6345575465784,2.54235709760342,4.78,4.92,5.289,,3.6,3.3,2.5494451709255714,30.1061457738361,70.36607661220779,10.5415342275898,4.916790794895321,56.72318719132845,62.07379571345162,16.5624753222833,97.2708713838249
2012-03-01,88.69067409715,88.3439327369852,94.6578338564546,85.4082748868808,94.6594867221003,87.7676946010126,90.3882011416435,3199.81484060852,5.11606014240439,82.8791799498342,24883.5979553415,39.0589386523735,,88.0,94.7,4.35635171452965,81.4788417165897,4.31625279773463,,,95.6500073057378,94.178513478226,22.9807749248853,62.496031959809,97.188709883861,84.3386706610435,4.56048789697657,89.2363529708803,4.54978009948317,125.971026317817,114.793114224003,4.23519869311245,4.68792408831171,4.22555085940671,4.34253433715282,4.31625279773406,77.0872186156458,85.7006800690629,96.0776093419066,4.5,4.27315898587989,1.48989340750636,1.5081703048441,1.52808297052487,14.5567811861849,14.5541844278886,12.9486054549273,13.9235067802932,13.2737808751697,10.5686471391621,21.4273406870487,22.3462726700131,22.4596070730828,22.6550017636595,2.56764888240143,4.77,4.9897,5.29,,3.8,3.35,2.546315277916644,30.0854937745536,70.36607661220779,10.5686199767153,4.916790794895321,56.72318719132845,62.07379571345162,16.5676650636959,96.6751920045972
2012-04-01,88.8991993552543,81.265186423403,95.1756490223211,85.8002351139065,95.1742755579932,88.111905698612,90.3006223653129,3321.38316397904,4.89056103476675,82.9774833714856,25422.3209227416,40.2146468121416,,88.1,94.2,4.35699600572823,81.7150749680085,4.31970080025625,,,96.0192906762807,94.2002510170298,22.9920781373516,62.2548575171663,96.9476227102984,84.2967017239215,4.55844467265735,89.2189717167989,4.63838519268666,123.141343946818,114.305454405842,4.24400392486246,4.69549194842868,4.22638602300146,4.34669246238989,4.31970080025709,76.7678762784332,87.6642048561097,98.3373023174224,4.5,4.36973108594811,1.48160112523088,1.51118097080992,1.51898001797717,14.564749521267,14.5622902381929,12.9545330484743,13.9297532500741,13.2774713659427,10.5804683326863,21.425060791148,22.3439515710417,22.4542189593106,22.6645077553842,2.58886098372528,4.7475,4.89,5.04,6.22,3.8,3.6,2.5494451709255714,30.0624993347835,70.0791563710997,10.5804424745576,4.8152774432870515,57.96318975946393,62.19854126660338,16.5689357080019,97.5586026592958
2012-05-01,88.5086625343266,80.9229513472258,94.7509964350732,85.2911365148945,94.7510179950022,87.1978152269718,90.2320515295123,3187.62497236196,4.87726052202833,83.1879005078715,25526.4196415672,39.9991487141549,,87.8,93.6,4.36185995107736,81.969077313698,4.32463592973606,,,96.605452767704,93.2810470131697,23.4924466247181,62.3757736012664,97.2881337330406,84.8000463602468,4.55894578670901,89.4791938819171,4.64970345592392,132.495222030841,116.29991234267,4.22993761053952,4.66673010827266,4.24527503445252,4.34994900858557,4.32463592973542,76.7145328896297,85.8740097220992,95.697470740198,4.5,4.42796483872435,1.49647727800009,1.5172627188281,1.53022493442246,14.5846226116957,14.5823670392941,12.9628638149585,13.9588284445671,13.2659198424322,10.5474439001702,21.4424863894797,22.3504878164142,22.4665688457926,22.677210122145,2.67036267669151,4.76,4.96,5.07,,4.0,3.71,2.5572273113676265,30.0915193810171,70.0791563710997,10.5474072601466,4.8152774432870515,57.96318975946393,62.19854126660338,16.572454750331,97.7287360429037
2012-06-01,89.1016826789332,87.0983129422321,95.2218103252739,85.6403242507496,95.2224114154393,88.4819957618708,90.4870782668062,3138.67276548477,4.85486036181893,83.8699548246699,25038.9223661405,39.412749836792,,88.4,93.2,4.36808669993876,82.2021689797935,4.33099597697174,,,95.8135388266926,95.3192777509356,23.2988927616867,63.1590432658881,97.860951188228,84.9501948238298,4.56087507743098,89.8404899814271,4.63127203615097,130.114538719935,116.997711736878,4.24918991225821,4.5716009188211,4.27157658679648,4.35106306109358,4.33099597696443,77.1450621310053,86.2070090560207,95.9468523897079,4.5,4.27854979919285,1.4851278732412,1.51008306945115,1.52835167920804,14.5946559450644,14.5925191806431,12.97241865824,13.9659016942371,13.2946719607684,10.6078998431457,21.4716395912145,22.3532422946132,22.4794391421952,22.7032074640399,2.5974867717932,4.7651,4.72,4.79,5.94,3.9,3.7,2.580974118534234,30.0388000268117,70.0791563710997,10.6078710313482,4.8152774432870515,57.96318975946393,62.19854126660338,16.577888408282,97.7103908766915
2012-07-01,89.4523371487986,84.4353534027228,95.9657173647663,85.8427969692436,95.9646867252535,88.7141517133431,88.6673015505481,3089.1950519102,4.7234204950568,83.8140037487294,25566.791847498,40.2684425997235,,88.6,94.7,4.37345579822171,82.4909128621034,4.32858128719137,,,95.9042214946385,95.789178566707,23.0106147320589,62.2368721246458,97.3711716343778,85.2346135692868,4.56220877261552,89.8067068904469,4.66422642349177,129.546768398613,117.826252948341,4.24896453085497,4.59344014616498,4.28649505609913,4.35010561398371,4.32858128719069,78.1260429259999,86.1641113605264,95.9397683717387,4.5,4.14640867858226,1.4734084777713,1.51324209774092,1.52775361231964,14.6020574810726,14.5999637269797,12.9803547118341,13.9704604705237,13.315546140241,10.6116431725815,21.4537137123672,22.3554934584921,22.4819920991898,22.7150027207779,2.59181464957716,4.7788,4.72,,5.12,3.75,3.7,2.5710843460290524,29.9880185468988,69.86077386284386,10.6116119758337,5.109265524792149,58.000364492397175,61.616826418219674,16.5815525007274,97.7478854532396
2012-08-01,88.9628665933143,85.8470288932738,94.6390350672678,85.9181715388455,94.6380197047229,89.3475810362055,90.4639689706253,3186.22732755521,4.93947763537382,84.052423848123,24686.1126539797,40.346040161334,,88.3,94.7,4.37688696359052,82.7398672845059,4.33016997541191,,,95.0955105986861,92.4891944583321,23.760684684491,62.4099782252806,97.2733757427135,85.3700056056577,4.56272358414569,89.9035259753845,4.64308190387618,131.636164159074,119.109509014977,4.25302217790406,4.62494188285421,4.29179666160137,4.35587414403556,4.33016997541425,78.381857894063,86.1139676674059,95.8352955674626,4.5,4.16251120775336,1.45869901859247,1.51202713204078,1.53521067003385,14.6080854361238,14.606188381802,12.9885789629003,13.9697732848389,13.3307290503748,10.6015049132666,21.4643891051192,22.3600407671077,22.4862542018727,22.7227456902942,2.56602600441296,4.7925,4.85,,,3.8,3.8,2.567254391136754,30.016778697017,69.86077386284386,10.60144677188,5.109265524792149,58.000364492397175,61.616826418219674,16.5848496718143,97.3953247730503
2012-09-01,89.309628495864,81.5851185581309,95.8672379649472,85.9169930292973,95.867499469348,89.6451034438509,91.7412359424952,3294.5314053131,4.67131203853737,84.3236494661553,24437.613758588,39.1036279477069,,89.4,95.3,4.3798390316364,82.8521420611466,4.33223586785101,,,95.6745060440843,95.2788095244311,23.7331510633164,62.7677120095977,98.0418333745826,85.45862729397,4.55986601915288,90.1468797512576,4.6572838839756,131.118627760135,118.791107917031,4.24175615751922,4.62489546069791,4.31956931394071,4.35642013024823,4.33223586785206,77.1546383093525,86.4100977524711,95.8308513809712,4.5,4.13638818392635,1.45154282220201,1.5142544762906,1.533654887767,14.6176981230305,14.6158596205876,12.9981146795984,13.9764523633663,13.3451518127717,10.6250818053283,21.4718021664709,22.3636423402426,22.4932570602193,22.7344897051042,2.54709114495959,4.805,4.8494,,5.44,3.9,3.9,2.5572273113676265,29.9426823720636,69.86077386284386,10.6237874635059,5.109265524792149,58.000364492397175,61.616826418219674,16.5882080869656,97.3164397683366
2012-10-01,89.2033561428682,84.0895328830302,94.0270906503959,86.7397321771025,94.0267745458253,89.7930436018332,90.6187561497197,3233.37275770261,4.83539239583174,84.1796004751131,24880.8139219746,40.1504348652285,,88.5,95.2,4.38293103121094,83.0345122921746,4.33333442329813,,,94.0663151633704,93.3163424988908,22.7119600060629,61.9441052389721,97.7651835769072,85.3711850060601,4.56388745282164,90.1126537353829,4.67768052905284,131.144420200284,120.508549089485,4.25615690891009,4.61243039051487,4.32638788344774,4.35630811665457,4.33333442329939,75.5358678911423,86.1969232781026,95.6911608893671,4.5,4.28056301258092,1.49988767038709,1.52922173485434,1.55171658855453,14.6232004645548,14.6220797043957,13.0040055702395,13.9795744848519,13.3543007131725,10.6331410715412,21.4629409476741,22.3734869533243,22.4914369414432,22.742942228748,2.57763234091383,4.83,4.9482,4.93,5.3498,3.9,3.9,2.550226115908643,30.0017866683222,69.65242787456161,10.6331067857576,4.869674605132162,57.22055260966553,65.08842209094719,16.5920283604378,97.7243639430299
2012-11-01,90.0769384744231,90.9931214165058,94.8306706075968,87.3572974137537,94.8309582176038,90.682773114769,90.2699131814596,3380.35529760056,5.2049916364513,84.3285593695377,25608.5234429261,39.9006764039857,,88.9,95.2,4.38425934960279,83.168264798298,4.33492259258808,,,95.4010413143275,94.9167634972356,23.3856708148378,62.2743420130772,97.7700212451118,85.5401193075912,4.565330069301,90.2297942782348,4.63746273846927,127.859376430387,118.331790110284,4.27254717559204,4.60116986329788,4.3128797079183,4.35655215474763,4.33492259258972,77.1679196579792,86.9164318171506,96.3775785296089,4.5,4.20503868839546,1.46987357158902,1.52178286270865,1.55284485932553,14.6334342464632,14.6309275603553,13.0094434388164,13.9865639775497,13.3677203706689,10.632531860152,21.4818752330293,22.3737132341512,22.4982073575846,22.7529756418392,2.55461613539764,4.8475,4.9865,5.2,5.52,3.8,3.9,2.5572273113676265,30.0106347505618,69.65242787456161,10.6324865447593,4.869674605132162,57.22055260966553,65.08842209094719,16.594897591604,98.0981658012031
2012-12-01,89.7600225438274,86.8856689305765,94.317234462686,87.3112443540441,94.317553537701,88.8281764220471,88.0176597833688,3241.1217276793,4.9749196246429,84.4378448455289,25941.7895319089,40.9962731356184,,88.3,95.4,4.38489634862779,83.1605392558707,4.33216632104121,,,95.964632211018,95.967500311897,24.6549442743011,61.6146914067109,96.9913279341648,85.6398135222543,4.5655458093586,90.0802666146796,4.59787549699338,127.446328064516,111.803524294189,4.26362291320639,4.62209034290819,4.29336582681601,4.35472133440535,4.33216632104447,77.5452019683537,87.6257074970277,97.1933328907153,4.5,4.07406039588051,1.43156525480687,1.48550827994119,1.51357785129948,14.6400619347183,14.6379182955676,13.018906404423,13.9930670879844,13.3762394408826,10.6731500764523,21.4785653047374,22.3723785816447,22.500256677504,22.7650999352371,2.54848459565441,4.845,4.94,5.14,,3.65,3.9,,29.9145629041381,69.65242787456161,10.673110156821,4.869674605132162,57.22055260966553,65.08842209094719,16.5983515342016,98.2529708947528
2013-01-01,89.7820887006848,88.6925267203201,94.4338660966086,87.3617763940187,94.4342482672529,90.0966070951726,90.0271279597167,3291.64968648232,5.15651878086754,84.4663468630377,24715.6521789458,41.292822347868,,88.7,96.4,4.38757275253038,83.460628535015,4.33205488117273,,,98.1264422090777,95.0774920395333,23.1485122059329,62.5283149130839,96.8688381962932,87.4733829219106,4.5634561076725,90.2468148597239,4.58432452123371,117.756952602661,113.961832286985,4.24476986199089,4.63321799451066,4.29823308448085,4.35730846024426,4.33205488117231,77.6625293271171,89.2250434719105,98.9713915910708,4.5,4.22670693676926,1.45093236582687,1.46519599303966,1.50635576613968,14.64848263705,14.6463172471843,13.0278777118766,13.9980599655279,13.4015723944778,10.7240974276382,21.4779186059704,22.3771887155756,22.5104649827992,22.7805954066005,2.53154040302357,4.84,4.8696,4.6556,5.47,3.65,3.57,2.533696813957432,30.0468237206344,70.39401502637895,10.7240796380689,4.9077829922231695,56.47162250355379,62.972673468025455,16.6010874380072,98.414875292403
2013-02-01,89.5422270276262,84.5668259978402,95.1386131392284,86.7037172801736,95.1368222881592,90.6187072897895,89.7409142479167,3372.60864254912,4.95937690420581,85.0183526419626,25609.4625263054,40.3471200594337,,89.2,96.9,4.3911666215334,83.7536947530409,4.33402534495659,,,96.4782057377783,95.8611445100218,23.8218057773048,61.9777473575712,96.8515276458027,87.5612667968291,4.56550423613261,90.380042930964,4.58022252324934,119.13582226246,114.287840073041,4.23680359809629,4.67607602027143,4.29599388890456,4.36074879881665,4.33402534495531,76.6492292848892,88.0202358597148,97.3868474947559,4.5,4.12388994384144,1.41277073151519,1.42804024328858,1.45725107227453,14.6573249455712,14.6567457641654,13.0354297461624,14.0109976318049,13.4537513249837,10.6940691119203,21.4857882960269,22.385166152445,22.5095922777435,22.7846047081958,2.54060000156086,4.799,4.5086,4.68,5.0299,3.57,3.5,2.5273273656719524,29.981555907366,70.39401502637895,10.6940418083773,4.9077829922231695,56.47162250355379,62.972673468025455,16.6040870377202,98.8402209899923
2013-03-01,89.490584718839,81.5647257964322,94.1708864297741,87.2011317157019,94.1703125906346,90.3840500317592,89.890042442106,3367.326565864,5.04997799360731,85.0277680398347,26211.1951102386,40.1087089473053,,88.9,97.0,4.39791126571434,83.959052952752,4.33649578277572,,,96.0386828549459,94.9793563104116,24.0998172470069,62.2627126388621,97.0471704233799,87.6108900295126,4.56586117915518,90.5913273853792,4.6224498486727,110.047266200296,112.245386532692,4.23844418576431,4.6191150342068,4.32902288522429,4.36001638747347,4.3364957827747,77.2270460105596,86.774550982877,95.8625932507333,4.0,3.93335905857208,1.38264830378273,1.40599085769828,1.43595455819213,14.6633144185029,14.6630764109956,13.0428976026729,14.0127657727968,13.4180087956584,10.6820344844341,21.4989502111467,22.3967147689827,22.5277849835556,22.8059473540026,2.53170207176415,4.3475,4.44,4.63,,3.6,3.5,2.517696472610991,29.8296251845764,70.39401502637895,10.6820113142334,4.9077829922231695,56.47162250355379,62.972673468025455,16.6044630057595,99.1247411938452
2013-04-01,89.1642751527837,87.658842832209,93.2519517900916,87.0906799146844,93.2523750761008,90.2374828601814,88.9724334636662,3356.25349403648,5.12038254134181,85.2893400973058,25821.5779233854,39.8371438685658,,87.7,96.2,4.40279238728546,84.1228488766522,4.33656603396449,,,97.596405813864,95.426664238456,23.3731722938777,62.7738353024729,96.8021479110501,88.0878055364869,4.56079109810352,90.6200696941015,4.66670830258774,115.137003163211,115.335708959535,4.24740019528163,4.56782341233965,4.33845751389686,4.35620590720015,4.33656603396445,78.4057445414171,89.6473130908042,99.0351771116137,4.0,3.78143962505636,1.34530143766472,1.35582112997909,1.36910420481799,14.6722812999415,14.6721180120242,13.0517162094795,14.022730640355,13.4051117735523,10.6516828957371,21.4955628377725,22.393701550217,22.5115547515995,22.8095279082179,2.51785883015032,4.3275,4.27,4.15,5.0,3.39,3.35,2.503891949699081,30.1376797400353,70.78093904326676,10.6516624373416,5.014583266230011,57.509862077532546,62.73661587764696,16.609019599364,99.2057435622782
2013-05-01,89.9288809093102,86.8218483947121,94.799412004691,87.2454062086437,94.7983069693199,90.9699940843413,89.9103215109948,3240.52010647384,4.9589114399463,85.5618436617981,25952.29025765,39.5249150427199,,89.1,97.1,4.4068213524982,84.336960735243,4.33693210896607,,,94.3198816049307,96.6649742614477,23.6397167102544,62.3518076527466,96.7924457215452,88.3143118410296,4.5600056422122,90.7632555682849,4.71123381839532,108.187428186755,112.872332276914,4.2495049537524,4.55863224712735,4.33986015517828,4.35550209416595,4.33693210896493,81.0222625385935,85.6856158829834,94.0155541784323,4.0,3.67905662895238,1.3259122269894,1.36128845204954,1.39185595227887,14.6749444579383,14.6748745390765,13.061375777701,14.0229959441093,13.4499463780358,10.6446473222159,21.5100480678176,22.4015218876039,22.5292222851098,22.8158455880873,2.55929973937141,4.304,3.9971,4.14,4.64,3.34,3.0,2.501435951739211,30.0273643816873,70.78093904326676,10.6446171239494,5.014583266230011,57.509862077532546,62.73661587764696,16.6112658491316,99.2615801540373
2013-06-01,89.6395478719555,89.0981919537964,93.8338920688415,87.1392394766089,93.8339509061607,90.6998166417924,89.6434889650821,3162.93251730597,5.07107923721268,85.1552316295548,26546.6977864884,38.4917940220742,,88.5,95.4,4.40778331435834,84.4848931127474,4.34190791093632,,,95.4372605028347,96.2631669358751,24.1439190364075,62.0012561305209,96.5172112141617,88.5415250993125,4.55404615314698,90.5553913004931,4.6241561706569,114.11792388658,111.979285516939,4.26663831187867,4.57349430233889,4.30564252491666,4.36141871193428,4.34190791092749,79.873410561884,87.9212281790652,97.0746153757979,4.0,3.82076002287584,1.35481261844917,1.3735672544421,1.40550509890236,14.6859452308431,14.6859496265645,13.0615366614439,14.0357523713157,13.4731696748332,10.6147800264861,21.5218166123843,22.4219184081515,22.5378959997616,22.8107409863657,2.56825484997262,4.3144,4.35,4.7,6.2,3.43,2.75,2.543175557911976,29.9145704307526,70.78093904326676,10.6147574558395,5.014583266230011,57.509862077532546,62.73661587764696,16.6120225329213,99.4086080550989
2013-07-01,89.6892166755288,89.1652773958433,94.007745835091,87.1587903843667,94.0076317986789,91.0529229798198,90.221951062272,3272.29555491171,4.89569078193969,85.1658833866057,26593.6433668481,39.8744495370296,,88.6,96.2,4.40787647613578,84.5633596245025,4.33835981001013,,,96.8200813830072,95.7841709354374,23.6417924789406,62.6223804306163,96.8349469686638,88.6930706793382,4.55351773032923,90.6355429033437,4.6441185336226,116.199724405831,111.65288223991,4.24322474503508,4.60431376859806,4.27833708832051,4.36034850083217,4.33835981000942,78.7502362668991,88.1811259769305,97.3160830948772,4.0,3.91491144991879,1.34609831717199,1.37436845259541,1.39127865635225,14.6942501688228,14.6942914601552,13.0720713383603,14.0425633596071,13.4903111175649,10.613840857891,21.5280581770526,22.4325087717875,22.5457230416583,22.8159089456412,2.55591117394427,4.32,4.71,,,3.56,2.7,2.533696813957432,30.0508291782016,70.70718366913007,10.6138140681479,5.2430304266265795,57.38223122364891,62.72544774908748,16.6135951980982,98.921813262037
2013-08-01,90.2561270181036,86.7986094242876,94.9126451689597,87.8557270458606,94.9146281955384,91.1611415415406,89.0330788511007,3163.36391477533,4.82185490465318,85.4509434303506,26459.4221715109,40.220525361224,,89.1,96.3,4.41071430908935,84.6867118716261,4.33941318211432,,,96.1566458828477,95.9036179208789,23.8512399007735,62.3923933003489,96.9776042733375,88.6567491576122,4.56126110911384,90.8172310482099,4.65520403707313,107.948632257895,110.73826143037,4.24158848443884,4.60173046112231,4.28352611507025,4.36248421035255,4.33941318211928,78.7287473011653,88.0987392033394,97.0102483601184,4.0,3.83093849156624,1.36027474619904,1.38704300317697,1.39865310710824,14.7066337624273,14.7068331911056,13.0832018863294,14.0578070577509,13.5013909534683,10.5975279965146,21.5433312703751,22.4407172035101,22.5613951901685,22.8286414032209,2.57773472617885,4.3038,4.8699,,5.93,3.6,1.7,2.5352828571130672,30.0122682749475,70.70718366913007,10.5974597672869,5.2430304266265795,57.38223122364891,62.72544774908748,16.6155539215083,99.6516842088614
2013-09-01,90.1363111956499,87.1647397418618,94.0190354708715,87.9107939649673,94.0178308304535,90.6988850874853,89.2107489880826,3080.26800784699,4.98407121452514,85.765344711538,26823.2438283167,39.0766811264928,,88.8,96.3,4.41308130117941,84.9010557385017,4.34194140274323,,,95.7135569214584,95.0555974741551,24.6710204478127,61.1401019047011,96.8368711111026,88.956628188311,4.55611803085294,90.7625758069955,4.58385851544109,106.677093570508,108.281617885236,4.25200605260014,4.61173926211708,4.26620109093742,4.36425297440925,4.34194140274545,78.5093178017505,88.1782186542387,97.1841979298812,3.75,3.53059631969195,1.27053568015721,1.30028143181341,1.31881482156022,14.7076823342825,14.7078167493699,13.0901766046149,14.054956331206,13.5086343506407,10.6061059542983,21.5507810593638,22.4456638964179,22.570659837542,22.838719603535,2.57321434613981,4.0327,4.3398,,6.13,3.69,1.5,2.5494451709255714,29.9888424820496,70.70718366913007,10.6064484274035,5.2430304266265795,57.38223122364891,62.72544774908748,16.6174708320456,100.123536617521
2013-10-01,90.4066900927393,93.0933912142918,95.0040699154468,87.7059032075478,95.0043742205388,91.0325428014639,89.0270017589649,3194.05139618197,4.88334427992833,85.8264643689911,26498.6347246827,38.4358649456653,,88.9,96.5,4.41568941417524,85.0689339506349,4.34387072122056,,,96.5776442880402,95.3302358551285,23.7359433501352,62.3040185609306,96.9222746393291,89.0222819785351,4.55626281707879,90.8258464724488,4.62425357921061,109.191158982286,110.047980073524,4.2478958295223,4.58449004652451,4.27743320517286,4.3640789224673,4.34387072122374,80.6050392346757,88.3163839871625,97.2869896553238,3.5,3.33929842387569,1.22855560982697,1.26668194300789,1.27829040294542,14.7163346660898,14.716874541627,13.095702835084,14.0658377161068,13.5176395227403,10.6119388280538,21.5385728526732,22.4511287644325,22.5808644685004,22.8517872999512,2.57403177928312,3.7781,4.0386,4.79,5.97,3.7,1.2,2.548663615590751,29.9770847615439,70.94307326537633,10.6119041328069,4.636759307807211,58.01773954592897,63.23119294557446,16.6204001058153,100.096104668927
2013-11-01,90.1970227278427,88.0115616695302,94.742629559441,87.7909087026198,94.7435323492264,90.8441187852168,89.5659142288535,3189.28198934309,4.60808421216134,85.9593745146503,26536.3098208196,37.4660916624521,,88.9,96.7,4.4196803401396,85.2838706157662,4.34595350435494,,,96.1880723469365,95.5546539077319,24.4550500622032,61.9781847166528,96.8566014890891,89.1621313234643,4.5541622404823,90.9076979935918,4.60495359611759,112.242148567263,108.484684446376,4.24572552023854,4.55063851438736,4.29187113344692,4.36356848389448,4.34595350435881,81.0022030441165,88.3896919026994,97.2567677189275,3.5,3.37660929702098,1.25169205425184,1.26181874769884,1.27528380734611,14.7244486613969,14.7244279599151,13.1062033881314,14.0716398405613,13.5294732651107,10.6534612616898,21.5748107668837,22.4677556496886,22.6004234178484,22.8665693105168,2.56992005695381,3.802,4.35,5.22,,3.78,1.3,2.5572273113676265,29.9986412107606,70.94307326537633,10.6534151861554,4.636759307807211,58.01773954592897,63.23119294557446,16.6236561237314,100.315766179804
2013-12-01,90.7223887018619,88.0588689865003,95.0225308732416,88.4065109771552,95.0215860362017,91.9101261683925,88.9373978743209,3358.30436840769,4.79318770011263,86.0354791596678,26354.7590016687,37.1230165608812,,88.8,97.4,4.42396514322415,85.460840887495,4.34848295478485,,,96.812647061898,96.1468225419246,24.3583163235851,61.6464724617977,96.9821705201623,89.2081129561111,4.55696637038967,91.0342333207735,4.61272487369841,113.581648888594,111.522848268353,4.23983748963448,4.60028729368233,4.30127469986579,4.36816131926929,4.34848295479299,81.4550799823249,88.7656471367292,97.5249535168516,3.5,3.21639817937222,1.22882548891551,1.25255755864095,1.27790647830751,14.7341274372719,14.734205770216,13.1353244719935,14.0775180304212,13.5447669039678,10.6612210068518,21.5823663609514,22.4749456342064,22.5983899992109,22.8692551270333,2.55641566968914,3.79,4.375,5.3327,6.33,3.9,1.3,2.5572273113676265,30.0224749417716,70.94307326537633,10.6611810053418,4.636759307807211,58.01773954592897,63.23119294557446,16.6268230130767,100.360361999541
2014-01-01,90.1262489576901,85.8840215703719,95.1439612175218,87.7802958386745,95.1429012036292,91.1926511187519,88.2741563682925,3215.43933305449,4.90623130782851,86.1516524856758,25355.2400181854,35.3496236164655,,88.3,96.7,4.4314833072545,86.168615067284,4.35231713373986,,,96.8868820710577,97.4165285298288,24.3314433065117,61.5128001986477,96.2534387642876,89.2911967918406,4.55595459326184,90.8720970914375,4.62319802137689,111.105701734743,112.090967198052,4.27202526772578,4.58557286308035,4.30298342625638,4.37203841922159,4.35231713373459,82.0169167321282,88.5252632963635,97.5294780461728,3.5,3.18705094789879,1.22074137383717,1.26130170999487,1.27897350164269,14.7372429043901,14.7373093438987,13.1423171944119,14.0776114509923,13.6938741892277,10.6213548824022,21.5997169321373,22.4824914986778,22.6020179708671,22.863835719492,2.57689998560362,3.7761,5.06,5.2099,6.46,3.61,3.4,2.554899021608035,30.0840708814034,70.14865741189679,10.621337994772,4.817103720257833,56.915406051574976,63.75169173040972,16.6280839604019,100.257235421215
2014-02-01,91.1705837098167,92.1259160097258,95.4574908521922,88.7427389868466,95.45519629683,91.568727543193,89.159175395898,3313.22707226412,4.81939142312362,86.804226451158,26998.9333023091,36.4695976286007,,88.7,97.2,4.43276534045182,86.301417135699,4.35675704447122,,,96.3135008331023,95.4266863884889,23.9682757905609,61.7656140833991,96.0806546622462,89.46065804773,4.54972188347507,90.819343863911,4.60189230626816,113.750287930364,112.113770397948,4.3213733193205,4.64242447163452,4.31492298012326,4.37718165236805,4.35675704446647,83.0580144063457,88.4639743116224,97.3579822091186,3.5,3.12669544208675,1.20630455381963,1.2469905691942,1.32539132256219,14.7440796500065,14.7436056831884,13.1519194509176,14.0808643661775,13.6051037433457,10.5675778525205,21.6096133366216,22.48707957505,22.6146032925699,22.8876479726617,2.5733659465758,3.7917,4.86,5.089,,3.68,3.2,2.558776498354456,29.9712469326584,70.14865741189679,10.5675523696938,4.817103720257833,56.915406051574976,63.75169173040972,16.6310934763486,101.030878829178
2014-03-01,91.4441154061105,89.4651151746495,96.9028985683903,88.4301028323395,96.9031274996193,91.9302805577342,89.2072083988079,3293.47423143829,5.28557556293205,86.7172499183703,27287.2219839887,37.3404797803859,,89.3,97.3,4.4349123869381,86.410929178242,4.35827600493018,,,95.7058602057381,98.6607543968286,24.508270858909,61.3554000934586,94.8973084543727,89.6575239412966,4.55496354844411,90.861630797936,4.64117865962232,104.603722956805,110.773974966238,4.29806218023193,4.61037731558647,4.30598371242859,4.37813993495045,4.35827600492619,84.2295232509395,88.6133606034099,97.5959762035884,3.5,3.15989191201533,1.20275902632231,1.24201511491994,1.29765424083305,14.748616770315,14.748436827077,13.1636337456889,14.0835140277262,13.6029443199076,10.601829063212,21.616828916458,22.4928325041154,22.6207049317263,22.8893238722631,2.58490319915485,3.8125,4.798,5.06,6.3198,3.59,3.1,2.5649493574615367,29.9336042691083,70.14865741189679,10.6018115628913,4.817103720257833,56.915406051574976,63.75169173040972,16.6350406270619,101.886588317463
2014-04-01,91.8580394093221,89.5355295064155,97.4632504476635,88.7470816242547,97.4626942652618,92.8397234548686,90.340965547581,3370.3228905188,4.92031004140577,87.1256977326075,28078.1741425619,37.6463938998442,,89.8,97.7,4.43766449129175,86.7295067866454,4.36122603509009,,,96.358427018045,99.0091533581376,24.667837864832,61.5116044113399,96.3030091075,90.1133158825862,4.55559787482073,91.2123079092628,4.59943993815266,113.095635044957,111.197693813203,4.29462686054446,4.6096236735439,4.31490897013119,4.3813496783259,4.36122603508865,84.7896177629474,89.2835511948235,97.9827754286279,3.5,3.26980665620454,1.24904130682087,1.26391563059485,1.29070370160663,14.7548603924447,14.7547051428529,13.1708135548439,14.0918587671781,13.6142374004651,10.6155179783316,21.632310810429,22.5147282110606,22.6341349095209,22.9000011648303,2.58989563648871,3.795,4.7197,5.07,6.15,3.65,3.0,2.5649493574615367,29.971371586574,70.54033691787949,10.6155073741758,4.900559469091075,56.98272045964461,63.80665090557292,16.6386030560565,102.061804771018
2014-05-01,92.5461224110394,92.7391198538345,97.5604359517207,89.7282110907793,97.5625245058166,92.6207022385325,90.1459364100363,3364.12068102188,4.94201784345454,86.8808295519456,28136.2326904429,37.6692315535666,,90.9,97.5,4.44132441625912,86.875019584603,4.36497416094103,,,95.9125922531072,99.5210131666648,24.3052112389415,61.5877205033645,96.1073576372549,90.2832681921757,4.55382793019448,91.3554779345408,4.60038491861109,110.551328415791,111.907529779751,4.29947848390503,4.5898888413152,4.346616380629,4.38357984195792,4.36497416093882,84.7410348622771,87.0936860001521,94.8806083360621,3.5,3.28596782478562,1.21644833394823,1.26274134261586,1.2852711371352,14.7679372956392,14.7678608535739,13.1818577308022,14.1079473648314,13.6230278692815,10.6374813636749,21.6448307008631,22.5183921330843,22.634079289231,22.9111078016411,2.56366688727362,3.7858,4.7,4.8,5.87,3.68,2.79,2.5572273113676265,29.9492256964711,70.54033691787949,10.637465237778,4.900559469091075,56.98272045964461,63.80665090557292,16.6432652370302,102.501259014665
2014-06-01,92.2072676238176,89.3046048269511,97.8218842203184,89.045293859584,97.820560178026,92.7123699851373,90.1867045680771,3160.81050559538,4.82650721471512,87.5743556659954,27841.3060177903,37.6312694077205,,91.1,98.4,4.44443076102181,87.0857365192176,4.36180746168569,,,96.8814917832713,99.0017010617854,24.5046005920351,61.3052462924928,95.8872718490341,89.9988785736891,4.55059755947162,91.2385883199739,4.59248606474027,111.725023241607,111.1440456173,4.29004386776384,4.57594991019482,4.27893016934018,4.38031712643266,4.36180746167611,84.6642989966483,88.9156055147277,97.5065445760492,3.0,2.89887071079769,1.06288829721997,1.10759562016723,1.13148020834378,14.7727127493961,14.772699383348,13.1882581888092,14.1128753901023,13.6256342545268,10.6613159534596,21.6471280996313,22.5236153103071,22.6469007546312,22.9298447770071,2.56728398102713,3.305,4.5699,4.5694,,3.61,2.67,2.5641798306825083,29.9938219860926,70.54033691787949,10.6613056729636,4.900559469091075,56.98272045964461,63.80665090557292,16.6463534194143,102.723163970566
2014-07-01,92.7698122033441,94.0131506761441,97.2136117089424,90.1185290224299,97.214417355731,93.0191108874831,90.3031976132948,3395.68404943527,5.21633553319156,87.8912427782782,28283.1294118889,36.932884121182,,90.0,98.0,4.44790609683989,87.3078453515235,4.36655308514135,,,97.0002081952865,99.8971797796915,24.632869059395,61.5679555791066,96.1803529727259,90.2145726116776,4.55053915360856,91.4630918849518,4.57618032228819,112.109926837408,107.004889595063,4.29384014922444,4.57283256806823,4.30352130525576,4.38322572078853,4.36655308514109,84.8986753569038,89.4155179748025,97.7800599645387,3.0,2.80900319759242,1.05891261057365,1.08968704943445,1.11243279599309,14.7765147128439,14.7765195414904,13.1863880326406,14.1174013006659,13.6286651576857,10.6790850252237,21.6634857890482,22.5330822025493,22.6558471229842,22.9411850561125,2.58670009800641,3.3075,4.4181,4.528,5.69,3.61,2.6,2.5610957881455465,30.0169037943179,70.43003948609149,10.6790726786528,5.256516030769876,56.84091143489103,63.68155666734285,16.6499009234763,102.773103486794
2014-08-01,92.1388841295135,91.1457026959305,96.7540751881661,89.6406742374,96.7531485768668,92.7371867176938,90.7755633372224,3278.5024113003,4.84273482503695,87.6108826933344,28809.1335624558,37.2726227924215,,90.6,98.2,4.45133548138589,87.5354784433142,4.37221571601669,,,96.2441001588169,96.8536484804523,24.2693755337523,61.4655433261971,96.2924836459337,90.4084952089932,4.55089043611657,91.5964061532591,4.58069236101242,116.630111760508,110.745410538701,4.27527314324308,4.55069381448909,4.34688169350694,4.38795856333704,4.37221571602274,85.4547761726992,88.8315368196515,96.9905436144461,3.0,2.75154533298807,1.05565308118179,1.09685652337158,1.11083286777846,14.7824682917909,14.7826243707164,13.1962305786736,14.1230842984669,13.6371988126734,10.7310510582254,21.6702498958219,22.5389728626555,22.6626462571252,22.9470289207104,2.56454404544423,3.2975,4.5698,4.57,5.65,3.57,2.5,2.559550192783766,29.9493232050769,70.43003948609149,10.7309983865556,5.256516030769876,56.84091143489103,63.68155666734285,16.651869131495,102.775709077912
2014-09-01,92.3455192342679,91.636180019124,97.3869764197765,89.3611423957868,97.3877469026173,92.7980459420385,89.8585937878298,3225.65433403532,4.78402918245975,87.9721052507302,28807.1568748367,38.2161117847835,,90.9,98.5,4.45421096393001,87.7095181088345,4.37120172604174,,,96.4703851381601,99.2569834204596,24.5965300800625,61.3376957927265,95.6036699724147,90.5071186124588,4.54929463844134,91.5758824950153,4.57398783346277,115.790782926056,113.107530771806,4.27504540856731,4.51169967397887,4.34035813326467,4.38324931687154,4.37120172604407,84.8161837259155,89.1536174828291,97.3842532655774,3.0,2.88896283299171,1.08064017853929,1.1182601533672,1.13749365565419,14.7851927522599,14.7852455862104,13.2034557579703,14.1249358880229,13.6441808201188,10.7153955438867,21.6808590255156,22.5438351832847,22.664073869322,22.9406145469569,2.59318672844113,3.2916,4.81,4.74,6.08,3.54,2.5,2.5726122302071057,30.0203605239537,70.43003948609149,10.715624031607,5.256516030769876,56.84091143489103,63.68155666734285,16.6571604776538,103.020110144035
2014-10-01,93.0075536779253,89.9953456207242,98.2684305483191,90.1685201155379,98.2672792657455,93.1532125467468,90.7602430786192,3304.69576471958,4.64725884653232,88.5256912047756,29092.1258794377,37.9388496686886,,91.5,98.4,4.45719709951267,87.8775209863617,4.37261642861662,,,96.3420374838922,99.8897967523305,24.6066740569452,61.8146179111107,95.3423820918528,91.0546104922182,4.54961998093054,91.7778397830418,4.58923491237003,118.179068124401,112.072580453775,4.29023478170762,4.44636177169336,4.31782085107493,4.37961648000222,4.37261642862213,84.0606790297552,89.1803539408381,97.2520482226803,3.0,2.87599352157126,1.07245131333768,1.10129063046288,1.16944992346843,14.7950832739144,14.7953824388828,13.2122770419519,14.1353879433506,13.6591524292681,10.7030020740441,21.7050427611267,22.5477825954551,22.681941427921,22.9641469982966,2.61097902603341,3.281,4.639,4.88,,3.55,2.3,2.589266665112243,30.0520221001912,74.19447018872603,10.7029830052969,4.389647486782392,56.972748980116336,63.920572304907985,16.6612701445541,103.052419413307
2014-11-01,93.1493206209117,89.7725314216629,98.087568659444,90.5033166811755,98.0879762979672,93.7324018715518,91.7252638521557,3365.5487388728,4.65328087489812,89.2490434650022,28413.0070352899,38.7367773902728,,92.0,98.1,4.46032772243266,88.1336250011077,4.37260324620131,,,96.6696811279891,99.9881881968011,24.2104934206646,61.5415883478756,95.6308484464701,91.1043867568928,4.55398211391997,92.0340401563396,4.60470353183465,123.954360774139,113.946157983156,4.28102351459051,4.41776217642598,4.33082822985858,4.37849366320004,4.37260324620903,83.3921787081343,89.9131153961248,97.6661183043664,3.0,2.74964381231664,1.0554335159494,1.09114355550258,1.14952900761567,14.8056501377983,14.8057520442714,13.2206565316444,14.1450887415122,13.6715411432556,10.7003101103807,21.7193055675891,22.5535224374882,22.6872678104636,22.9792704048981,2.62820292290766,3.3085,4.54,,5.98,3.53,2.2,2.6026896854443837,30.0038217961418,74.19447018872603,10.7002767364545,4.389647486782392,56.972748980116336,63.920572304907985,16.6644137223852,103.692104478177
2014-12-01,93.0391607179555,89.8410413167374,97.8923470220215,90.5078290550384,97.8918670173573,93.4983324435347,91.4972728862031,3342.76439248008,4.16816950382602,88.9623912897017,29193.7363417605,38.3227858681837,,92.1,96.4,4.46401476191175,88.2348661253614,4.38144508150576,,,96.1929596814607,98.0422272922004,24.5751038607787,61.642392044624,95.7528574321287,91.3424643271418,4.55351186928635,92.2051907023402,4.54108557279894,124.897316049518,111.923878296597,4.33795964897459,4.3104533299132,4.36080187852234,4.37687003081825,4.38144508151782,83.2575980269383,89.986888276067,97.7129613748371,3.0,2.80054152732251,1.07405703319849,1.09233700096286,1.15473544191989,14.8122421609498,14.8122996390166,13.2281972446316,14.1565805504553,13.6850150249051,10.680421239352,21.7238707243448,22.5545116464923,22.6898656340951,22.9787039789845,2.67395868500838,3.311,4.92,5.2598,5.8997,3.5,2.2,2.6602595372658615,30.049613721745,74.19447018872603,10.6803904497791,4.389647486782392,56.972748980116336,63.920572304907985,16.6693886641025,103.488821437458
2015-01-01,93.2210217450763,90.4011630043848,97.5153624552455,91.21809991422,97.5175178310798,93.8587028745432,92.6450438855427,3491.60973799037,4.39201199833096,88.8478364105856,27979.9373444024,37.945654340866,,92.2,94.9,4.46179516887058,88.2134979152734,4.37733247415492,,,96.2047708104169,97.6043179480176,24.7387151998866,61.4168914513887,96.4162926913336,91.4897871027262,4.55996309265522,92.4312619734968,4.60540430260472,116.137054611356,110.727258753803,4.29798660715953,4.13806226180489,4.37043901412693,4.36609397394456,4.37733247414524,80.8729828041575,90.4983822630036,97.9320833887,3.0,2.76671035057861,1.0525638010476,1.0787637471462,1.15876701057303,14.8264512299835,14.8265390007049,13.2387658782259,14.173758025937,13.8697145853417,10.62323790492,21.7627082934758,22.5824888562857,22.7056116312257,22.9950634686553,2.68394909729447,3.2875,4.69,4.5802,,3.64,3.29,2.649714624089247,30.0104315705946,73.70730886064032,10.6232235753644,4.236694870811542,56.71047438483128,64.11045072897096,16.6725445179267,102.99706992934
2015-02-01,93.4525781519389,94.0851394054246,98.1761603651233,90.8206844881879,98.1737878613663,93.9657365920377,92.9906998778869,3178.43099565947,4.44662814454442,89.6027212525662,27942.704508401,38.3887342224041,,92.0,95.7,4.46267087237066,88.3974158413643,4.37539438241221,,,97.1285851909142,98.8731709068667,24.527077672216,61.6536157112697,97.6969515896577,91.8372274438915,4.56696363108756,92.9227418334226,4.62307693390794,112.889420711771,110.010296555657,4.2899831498923,4.24481326322365,4.35348468550077,4.36828709566088,4.37539438240382,79.006725049848,91.3496366231488,98.1639355528885,3.0,2.8560879504268,1.10341424796415,1.13823864523413,1.15975088608148,14.8304414945242,14.8301186948272,13.2457874293185,14.174923495785,13.8414632036027,10.7043630430543,21.7725199037127,22.5891064621454,22.7170669616592,23.0019118755264,2.69223120171124,3.2925,4.93,5.0498,5.3096,3.63,3.0,2.6741486494265287,30.0494246392761,73.70730886064032,10.7043424244329,4.236694870811542,56.71047438483128,64.11045072897096,16.6756349481684,102.436252933256
2015-03-01,93.6391230729141,95.025074376166,97.6191444493974,91.3361362108302,97.6179106866143,94.1335546174974,93.0699150928962,3554.14023403732,4.27510084731294,89.4719152526182,28988.2762992609,38.844517221719,,92.7,95.6,4.46602662026274,88.5343099452587,4.38448951222473,,,97.3806304765792,98.4537595376531,24.4615487310544,61.8475673157811,96.8887004030641,91.8813753115137,4.55998080630652,92.8832359393332,4.6092814051154,115.184746999092,112.448566224488,4.32288538661957,4.25373948425018,4.36452944775358,4.37761266451802,4.38448951221893,77.3521871910255,90.7949851025581,97.833731267552,3.0,2.98132138435672,1.15895324174777,1.22618766583678,1.28346326375708,14.8470218024973,14.8468994446278,13.2539322626762,14.2008895571408,13.9340265546305,10.6853733014879,21.7823938599519,22.5862378795324,22.7122453943623,22.9902788188885,2.7430548122333,3.2955,5.26,5.1499,6.04,3.66,2.99,2.6939512767227085,30.0830556786202,73.70730886064032,10.6853605684828,4.236694870811542,56.71047438483128,64.11045072897096,16.6794691250139,101.980461082999
2015-04-01,94.5187668076438,90.8356402214191,98.7838618216139,92.2027098215404,98.7837508118982,94.3879538673207,93.3396599009232,3458.77294919861,4.35166042662532,91.0276423429513,28709.6269119541,37.9095092579451,,93.4,97.3,4.46806853109219,88.714312830636,4.38873266030763,,,96.3863421717758,99.3623107388924,25.3602786244993,60.4586723126957,96.9964809577702,92.0581304030349,4.56139849327693,93.032315402393,4.60180209979017,110.745000554363,110.126214765476,4.34089483694241,4.28978287177735,4.37359914359432,4.38317984604384,4.38873266030527,76.0558409011374,90.8622860223774,97.7368623751151,3.0,2.86552016329129,1.12983125395145,1.15642185725628,1.21638738762728,14.8589199501331,14.8587860271432,13.2643009207537,14.2157047268794,13.899431233707,10.704826880766,21.8025384369906,22.5960684199605,22.7297746873493,23.0076913454257,2.74901703405925,3.2975,4.875,5.1799,5.829,3.77,2.8,2.7047112998366956,30.0609412188408,73.56696972694301,10.7048217765845,4.347884001112184,57.12533018645717,63.87693383994469,16.683164039754,101.399466542217
2015-05-01,93.8390921305084,94.8033306896223,97.8653078508896,91.5018481077701,97.8645285380757,94.709668606981,93.6245153701753,3476.32781770966,4.38454671328664,89.9415156727712,27649.1578898074,37.7471312321135,,92.5,96.2,4.46973859602177,88.8885540471804,4.38772950590051,,,97.6814104798826,98.4952980036486,24.8496048608908,61.4529199761039,96.866085370921,92.2094350421515,4.56163798863325,93.0157996387472,4.54287360063369,116.339212754684,111.427195389872,4.33413552381909,4.29656218519187,4.3307856484716,4.38314469549961,4.38772950589756,75.3667324752752,91.4931699453137,98.0716232239699,3.0,2.98016555789073,1.12252934126893,1.16573525125537,1.25317565224287,14.8685181779714,14.8684631479342,13.2712312804502,14.2230134263663,13.9002339664214,10.7132311080753,21.8099084319059,22.6043952648992,22.7404358339234,23.0174518118246,2.7390836571357,3.295,5.07,5.2598,,3.65,2.7,2.70805020110221,29.9763626405611,73.56696972694301,10.7132439794782,4.347884001112184,57.12533018645717,63.87693383994469,16.6845880302834,101.008224191527
2015-06-01,94.2726956378774,86.1968700122196,98.3208251384085,92.4521237835973,98.321552411094,94.8207142077106,93.9319635885098,3677.44707487343,4.41320637567136,90.0861507260435,28659.3245553862,38.7721021391046,,93.1,96.3,4.47271157034959,89.0947494094951,4.3927666960601,,,96.9141849855257,98.7725496924264,24.0425534625508,62.0441482695395,97.8437277814897,92.3932378353731,4.56470748525305,93.4988305925325,4.56702987092357,119.633683122532,110.998887811969,4.34657524324805,4.27794645377655,4.35119282428744,4.38678999315862,4.39276669605109,74.1494332530724,91.9680938958594,98.3992931090854,3.0,2.99787072074726,1.13380196322759,1.18248404817098,1.26706733395797,14.8707314686107,14.8707221320442,13.2821447780341,14.2224685679514,13.9040539708227,10.7115281484047,21.8172659059824,22.598460436794,22.7356654021357,23.0144586855537,2.75996751787071,3.3025,4.829,5.3298,6.25,3.68,2.6,2.7245795030534206,30.0596960419834,73.56696972694301,10.7115276555668,4.347884001112184,57.12533018645717,63.87693383994469,16.6896148135872,100.51579027499
2015-07-01,95.0247908387276,89.6693300338097,99.4488438185918,92.7952627627083,99.4482711360242,95.0128605394384,95.0276492213175,3435.33677276886,4.49104154571133,90.6132233954091,28888.4887859344,37.6470833836905,,93.9,96.4,4.47484844880337,89.3186598038308,4.39945291030104,,,97.439287319093,98.1498538273783,25.0585053363087,61.2526402787703,97.8859700416337,92.0309199520533,4.5658430946401,93.5737574328108,4.57741593367396,125.0320359588,111.829786949899,4.36698624556966,4.24154748641928,4.37144077044618,4.38988717446718,4.39945291030135,73.5256994950706,91.9832897016986,98.3590534839147,3.0,2.994945683211,1.14520133653565,1.18999961697447,1.29217948783549,14.8811563075799,14.8811568338014,13.2902022821693,14.2341021494568,13.9050779321585,10.6930751914645,21.8395469929153,22.6021860273313,22.741818601728,23.0204530674149,2.78613783535506,3.3112,4.94,5.4599,6.069,3.68,2.53,2.747270914255491,30.093553350357,73.19535875593914,10.6930762091847,4.591466584367686,57.263250646135035,63.54787616690929,16.693515350114,101.030452630593
2015-08-01,94.9809458179363,89.6152781879267,99.780331462451,92.4213504583807,99.7807231383445,95.5056197764222,95.5020609389545,3441.85374763903,4.38684676744393,90.6934254645833,28397.4374160442,37.3215698085572,,94.8,94.9,4.47674167555884,89.5548574593315,4.40464367703908,,,97.6698712597884,98.7122418999295,25.163547626342,61.5916000962672,97.7679522275859,91.3390239576607,4.56580002408197,93.4512659607072,4.56079578326695,120.931932369186,110.681651793755,4.39249255097179,4.18956375189173,4.35779983171382,4.39214050753072,4.40464367704608,73.4829582944878,92.3370606249878,98.7685416313008,3.0,3.11864847551757,1.23921554838798,1.27105533163009,1.31889505848733,14.8958417731221,14.895964645127,13.2985880053986,14.2501280908862,13.9138946707075,10.6749444436786,21.8518430013317,22.6070096618152,22.7478677571336,23.0287769761088,2.82228173363867,3.33,5.0087,5.59,,3.81,2.3,2.797281334830153,30.0244917069943,73.19535875593914,10.6749006952403,4.591466584367686,57.263250646135035,63.54787616690929,16.6958141727064,101.019284078775
2015-09-01,96.426862181775,93.448920406435,101.847884329765,93.3372829842778,101.84654209867,96.2910014765182,95.4592670047284,3477.13046655575,4.19556815083313,90.7841889065607,28252.3823236757,37.5343946853164,,95.4,94.9,4.47895321946513,89.7884525749051,4.4054413453714,,,96.7999964415444,100.253442832215,24.7608059139001,61.5020614130109,97.7805185692562,91.8276004897691,4.57024954820699,93.8001181712541,4.60988119595437,123.19205076163,114.986130731576,4.39290373900193,4.17108232465066,4.35877673982723,4.39158077503629,4.40544134537482,75.4967967912431,92.5901294719969,98.7134394385735,3.0,3.07280424762805,1.14856042739145,1.19258083803371,1.3220837687661,14.9145631831048,14.9145956747974,13.3079816291238,14.280372521096,13.9206161816083,10.6576700098262,21.8603327594949,22.6127360984939,22.7416231579795,23.0184430434497,2.82480421390064,3.325,4.8,5.6684,6.07,3.73,2.3,2.8213788864092133,30.0847967742503,73.19535875593914,10.6577753558678,4.591466584367686,57.263250646135035,63.54787616690929,16.6984646693348,100.69080324844
2015-10-01,95.2334052572995,91.983777999595,99.7316817876622,92.9531038301478,99.7337498700277,96.6186910066682,95.0177933079524,3444.81587567565,4.44272925800035,91.5411707875615,29002.1675278104,38.0044798942698,,94.1,94.4,4.4814103063727,90.0454059372819,4.40723869107635,,,97.9569661144033,101.631021772086,25.063054991108,61.3259275944328,98.1743974921219,92.0061314292415,4.56774541754504,94.0563036337585,4.5389708631063,116.92763296321,108.500678117623,4.38070152878307,4.15579505357983,4.37686983305254,4.39258205201372,4.40723869108417,75.3031326318399,93.2606701043701,99.1424782875829,3.0,3.04180684729889,1.14562751741607,1.19998459101478,1.27770590026547,14.9240686665372,14.9241393566936,13.3184234609644,14.2825011797015,13.9277114309649,10.6936020812414,21.8738418754885,22.619358375015,22.7534447236593,23.0270122171316,2.81444963591326,3.3,4.599,5.3681,,3.66,2.3,2.8183982582710754,30.0825014412216,73.31408316699188,10.6935976101994,4.157872157645503,57.96912522811131,64.10587741553634,16.7006720425166,100.214812504721
2015-11-01,94.6114904165852,89.1438848066175,99.0083951224168,92.3805660656969,99.0077887992008,96.4757050278414,95.012263052561,3369.14226242841,4.06157956258866,91.4073625990201,27962.1381480161,38.2053751506169,,94.1,94.4,4.48220447838271,90.2051732172766,4.40613162658581,,,98.3890565411244,99.4016794265556,25.3359769922083,61.4829422482254,97.9378851163326,92.0883955367973,4.56996690680682,94.0925632598463,4.55994613923814,115.97073097004,107.940062409721,4.34467046938851,4.11350438912046,4.38021088662672,4.39164235184349,4.40613162659681,73.033695947751,93.537252482266,99.4177187829344,3.0,3.02291328865243,1.17207627482387,1.23177621653329,1.30115898870717,14.9338775783387,14.934022416488,13.3256261107126,14.2888299814797,13.9334688796804,10.6941164200554,21.8619611626884,22.6014657893286,22.7418766083958,23.011763468537,2.8008984257504,3.3175,4.8298,5.46,6.1799,3.42,2.5,2.8124102164264526,30.0439860122125,73.31408316699188,10.6940983449378,4.157872157645503,57.96912522811131,64.10587741553634,16.7041318414527,99.4800127436531
2015-12-01,94.8868729854529,96.4573786132977,99.4646528676403,92.204310984922,99.4650655178731,95.7844755748547,95.5446258211269,3207.75182848066,4.30736618523644,91.3761985045483,27064.1676521597,37.9123246022755,,93.8,93.5,4.48490175368288,90.3750837535685,4.40839003180891,,,97.9353610936307,100.830590521411,24.3004055590525,61.9924837213406,98.392361703859,92.3671967385259,4.56996289859438,94.2754013110899,4.61760125302096,109.813384791215,109.137055844612,4.35969376527107,4.05908763923747,4.37876809012169,4.38916361822463,4.40839003182604,71.174560915965,92.6567133830406,98.4431774193381,3.25,3.09485989866121,1.18624551660199,1.24953041981818,1.28350398035085,14.9497056839262,14.949772001979,13.3354514166543,14.3142600106187,13.9410933741459,10.6843262363245,21.8800536718874,22.6162812859456,22.7625394906255,23.0297216170878,2.82823920300099,3.5475,4.8,5.76,,3.38,2.5,2.830267833826459,30.0801895354413,73.31408316699188,10.6843122161448,4.157872157645503,57.96912522811131,64.10587741553634,16.7064094612505,98.7748363343883
2016-01-01,95.1227242208457,91.6462526187591,99.391435758998,92.9777830631189,99.3912239069018,97.0051911811215,97.0970224111527,3237.35395233931,4.17181539010312,92.210071161332,28054.3819989096,38.1403277186982,,94.8,92.5,4.48748016885848,90.5649752235285,4.41570613242511,,,98.3080620719379,100.271612645342,25.2627907194452,61.5376805526821,98.2099237061252,92.6525964418698,4.57327721498862,94.5862380241153,4.53000339714962,113.344183291338,108.755611033296,4.39883149110354,3.98913874341221,4.39463271832703,4.39387949944414,4.41570613241043,71.8558616089755,94.0085852672794,99.3797945435847,3.25,3.17009426368797,1.19647511705735,1.22264960546113,1.26089027250581,14.9780983612006,14.9781627157375,13.3451069431289,14.3635517898832,13.8913377449882,10.6847768156107,21.8965366677071,22.6300545085518,22.7774929453682,23.038873637406,2.87522998547686,3.5551,5.1099,5.53,6.2299,3.23,2.7,2.865053949911875,29.9991386791495,72.20512982295891,10.6847641109606,4.050823766090372,56.87803783297037,64.58822553273,16.7095167866881,99.6668220203491
2016-02-01,95.5598444592758,93.8167739423801,99.5241082684478,93.4866983574158,99.5323880361377,96.2584006053567,96.7306535142567,3208.03891392709,4.25480084079313,92.3993979221285,27037.4338914987,37.5965015246807,,95.3,92.3,4.49104926105307,90.7481144389518,4.42206911360101,,,98.1060735217633,99.1000350252417,25.5932118029825,61.3605946691743,98.0789553719163,92.9388782233117,4.57460588518168,94.5011329288416,4.54805483387367,115.528899614214,109.449289563281,4.41894245814889,4.05108309249731,4.41751186217264,4.40111352742811,4.42206911358978,73.3287985998257,93.7288337208861,99.0601056629862,3.75,3.7840936933992,1.38023513866671,1.40549665143885,1.25136156671624,14.9872125983137,14.9870254744366,13.3518643884726,14.3713040232739,13.9097931676191,10.6981177672448,21.9042378124891,22.6330705855434,22.7823458909731,23.0413311267645,2.88231846389984,4.0501,5.0499,5.68,6.07,3.23,2.49,2.8786365016777435,30.0821501986286,72.20512982295891,10.6981018945365,4.050823766090372,56.87803783297037,64.58822553273,16.7128072931768,99.3492026413398
2016-03-01,95.0936310955958,89.0862771620652,98.7737951946093,93.2627336117924,98.7746414521135,96.4375846905275,97.1417446030343,3211.22449976001,4.14329436333488,92.921803379816,26411.8133219795,37.1870871484868,,94.5,94.0,4.49202187192308,90.9789518785049,4.4241809609573,,,98.3208435954674,97.3770152022219,25.1849367172194,61.108114837409,97.9504611300529,93.2900862865423,4.57879064807847,94.7736807978579,4.52856086844123,114.484936559765,107.844936116279,4.43055805961184,4.1165636709164,4.41917983785911,4.40643833669916,4.42418096094926,72.8458510318867,94.9561351254355,100.230920232703,3.75,3.70690746809923,1.36050153230143,1.38444013821634,1.41107513164764,14.9817789197831,14.9817113715798,13.3572046893436,14.3547054586492,14.0204193356005,10.7385816595555,21.9175654601373,22.6464404074586,22.7841684402356,23.0400187964877,2.8642427734496,4.065,5.2498,5.419,6.0275,3.29,2.4,2.872999508171694,30.0570111213207,72.20512982295891,10.7385724612472,4.050823766090372,56.87803783297037,64.58822553273,16.7142354593854,98.4786985399861
2016-04-01,95.1670631409365,93.9877242459919,98.664387371535,93.3539011166803,98.6630295670076,95.8916341918684,97.4737279956483,3145.65561457564,3.82673947604073,92.9650527817393,27242.4858306587,36.8355807268533,,95.2,94.2,4.49374387941409,91.2129766158354,4.42905947472662,,,99.8263157653541,97.4365904629471,25.3114458938652,61.2988251250814,97.7491106663389,93.5522569714467,4.58011331568859,94.8614684653707,4.5252522129501,111.159886125755,107.767326717342,4.43046795602378,4.13993686613046,4.43218851858659,4.41163660911305,4.42905947472388,76.7017232339765,94.8702679225508,100.055634318717,3.75,3.7827249471745,1.36112756728012,1.36694873868778,1.39747549810113,14.9879976345867,14.9878736377793,13.3679747447984,14.3594787743679,13.9966127382545,10.7267474762944,21.9274749312575,22.6560339173685,22.7886156551675,23.0470977977599,2.85901781983495,4.065,5.0598,5.2768,,3.4,2.4,2.8678989020441064,30.1010119464194,71.91918668843445,10.7267455915565,3.922577961334356,57.35188397952702,64.65702627946509,16.7186563987447,98.7250017877024
2016-05-01,95.5047767285303,90.4248675731721,98.950984794086,93.7858796561295,98.9502964886732,96.1003051222665,97.8377417587021,3227.70873694664,3.95231887954015,93.8672821432092,27578.1314079425,37.1534048443702,,95.4,94.6,4.49564588145156,91.4736315875567,4.43640131691655,,,99.4247749501791,97.5738947251141,25.6711297578195,61.2590640772434,97.9096174207433,93.916360838533,4.58308232857759,95.1111260620671,4.51796953270028,114.374214293129,106.882837043454,4.4524235949638,4.21112017926839,4.43427635624117,4.42223099668912,4.43640131691238,73.3455639245988,95.3570809731342,100.159232148497,3.75,3.80549087987629,1.41486794697518,1.47167599677292,1.49709249181892,15.0018991494544,15.0018619729576,13.3789242317532,14.3739323365967,14.0122435219646,10.7289614585528,21.948608767654,22.6701506142576,22.7973333097452,23.0449167437694,2.91469694133371,4.097,5.2698,5.5,5.91,3.47,2.45,2.88703285663065,30.0908133978593,71.91918668843445,10.729000608426,3.922577961334356,57.35188397952702,64.65702627946509,16.7216285612439,98.5321167934599
2016-06-01,95.932322892084,95.9339732659225,98.708553290457,94.2877891543295,98.7082386640734,96.6017690170504,99.3422773742166,3519.81750619121,3.92168328733571,93.7414611093884,27353.3605971793,38.0077232577447,,96.0,94.5,4.49787720049551,91.7338216137658,4.44682987056207,,,100.12036359647,98.3242040267236,25.294948892487,61.2996646894739,97.9450083961492,94.2893645636102,4.58170577255788,95.2060728624226,4.56114235846173,108.163748241314,107.781751672606,4.48647286028104,4.25890290841345,4.43305589965082,4.4347715338309,4.44682987055698,74.1275006728006,95.4878638545765,100.299119469746,4.25,3.84161494501589,1.43060592090789,1.46606341939923,1.50132735433308,15.0199358560387,15.019933939049,13.386946652969,14.395245867436,14.0256855831426,10.7293602268064,21.9648506445092,22.6831896230975,22.8107081630872,23.0532661693956,2.92600661180906,4.1116,5.2557,5.639,6.075,3.48,2.4,2.907447358686419,30.0772248829958,71.91918668843445,10.7293656891932,3.922577961334356,57.35188397952702,64.65702627946509,16.7261496553077,98.7952383421284
2016-07-01,95.8196210337472,92.4589795161873,98.6815657994007,94.4204556626262,98.6812447562005,96.7535008861438,98.8258412673982,3344.34530588002,3.8114699484278,93.129570875443,28190.6606413455,36.144492391563,,96.2,94.2,4.50070935618977,91.9592586934746,4.45289621292313,,,100.03768055025,98.1016683544955,25.5164873663341,61.3034284158125,97.8726034626258,94.3156019249214,4.58182383544889,95.3249572192569,4.53798991906206,104.150318966518,106.784107864238,4.49876545493485,4.27764517715634,4.42978377079662,4.44065072663112,4.45289621292373,76.9632026274371,95.9871350725909,100.69859648266,4.25,4.18652484267468,1.47463475950185,1.52941704781207,1.57439497576089,15.0383795381798,15.0383785313632,13.3964516009239,14.4203732028144,14.0349751369349,10.7300151780115,21.972903425423,22.6933034661556,22.8183970008991,23.0583562107622,2.94855818361532,4.5874,5.4096,5.59,,3.58,2.3,2.924236271848921,30.0470736612266,70.84056827164203,10.7300296558515,4.012860083208915,57.84613312727704,64.25443265303068,16.7286195377448,98.8434556990321
2016-08-01,96.1278300724254,102.081563602148,98.7869542006822,94.2812028343112,98.7866063830393,96.9138466347443,99.6105249471314,3331.10783743114,3.76273158967427,94.047488958234,27802.2586668884,35.6471620061928,,96.3,94.7,4.50319587922225,92.2038429493787,4.45862651236198,,,100.440432973904,98.6334449025619,25.4099712284022,61.3619199037298,97.7258870236029,94.6786597215017,4.5808450553502,95.5409358640373,4.55650052336284,104.793876064331,106.838390615749,4.52956971005929,4.30268037187794,4.43481335159507,4.44744980455625,4.45862651236843,78.2695033542236,96.502520008502,101.030785673918,4.25,4.3055480686288,1.48291091883656,1.53668342823945,1.5701676616846,15.0438980454842,15.0439676155978,13.4033437550411,14.4246561271509,14.0361660857694,10.7504089269333,21.9789842337546,22.6901874919129,22.8182633282481,23.0604592137025,2.94204805704808,4.595,5.3397,5.595,6.01,3.49,2.2,2.917770732084279,30.1185957895666,70.84056827164203,10.750380618451,4.012860083208915,57.84613312727704,64.25443265303068,16.7329120760968,98.7519257707682
2016-09-01,96.7607870121589,96.6863560606947,99.1544451321592,95.5299753266636,99.1545279586942,97.06239351225,100.200618029687,3455.21484832313,3.84393497693766,94.6202391783693,28531.8529135487,34.902257731113,,96.7,94.6,4.50797008187544,92.5535821043949,4.46777605027034,,,101.679679468631,97.9331697052306,24.7113565262174,61.5884144181594,98.0656621883623,95.1272043462483,4.57841002897593,95.8959380042001,4.51488107287793,107.871476355942,107.394057226079,4.55159927995554,4.31084248159549,4.46851077306583,4.45637843645548,4.46777605027381,80.3853340026432,96.8456584854291,101.008895639103,4.75,4.48257412467047,1.5699422831788,1.61832411720528,1.59757310671296,15.0592711347217,15.0592736297227,13.4113606333858,14.4479737409634,14.0457114441746,10.7598599434992,21.9925973871844,22.7091353995256,22.8395484370871,23.0838480519818,2.95973045985458,4.6683,5.6295,5.5198,5.99,3.46,2.1,2.9391619220655967,30.1100954977753,70.84056827164203,10.7598591782235,4.012860083208915,57.84613312727704,64.25443265303068,16.7375639663743,98.6576336591779
2016-10-01,97.0057787217776,96.9057368095842,99.114480453124,95.7783809322816,99.1151211206668,97.2606294880534,101.170499454266,3309.3663874122,3.58615793004932,94.6892169093084,28443.2777321267,35.158162339402,,97.6,95.4,4.51145911890493,92.849201384534,4.47246460288001,,,100.916045572494,98.9254976976706,25.7220137924039,60.9971973875384,98.1517376642548,95.2897039101865,4.58638812556648,96.0028159390962,4.55518760446118,104.998569070411,107.70763782851,4.54730330432152,4.35839886646393,4.47191870926109,4.46303042075318,4.472464602889,81.5589331568827,96.8161210769992,100.787069822912,4.75,4.76284728601197,1.59401463129727,1.6253584461073,1.67342119349674,15.0672191890611,15.0672515752496,13.4190005420291,14.4504178067925,14.0506754636888,10.7733324586654,21.9966976637383,22.7144276348405,22.8346487561057,23.0811567479441,2.94559694078281,5.1103,5.4995,5.979,6.09,3.55,2.1,2.9231615807191558,30.0429903151242,70.48710626912052,10.7733351011716,3.5311914973260277,57.68423977973393,64.70282666155265,16.7406857312955,98.689617742933
2016-11-01,97.2304745911138,94.0931788054277,100.227063122585,95.736920913856,100.227218580607,97.1191784982925,100.445507819688,3307.92833241557,3.59076662426602,95.3567710804385,29470.3560501017,34.7551570768838,,97.8,95.4,4.51450741451405,93.1838848964122,4.48137484115839,,,100.17499713126,99.1492126099783,25.7615013477057,60.9618408052052,98.3590142250726,95.7140987978747,4.58211618192293,96.3593547485187,4.65220783396113,101.488375040868,110.541415325806,4.56014765275642,4.35635950864969,4.48021591436779,4.47322358820295,4.48137484117028,83.4165536249692,96.5952531319227,100.210323169158,5.25,5.61007811592956,1.79360122521695,1.80008995451722,1.66574120075108,15.091426458587,15.0915409349399,13.427692034391,14.4899651112489,14.0613211942247,10.7458998452201,22.0150510324013,22.7252859680428,22.8475040856251,23.0859439253492,3.00836306601411,5.5738,6.5686,7.02,,3.99,2.1,3.0267463270831603,30.1311693190675,70.48710626912052,10.7458915330132,3.5311914973260277,57.68423977973393,64.70282666155265,16.7442669050161,98.2642914628874
2016-12-01,97.7234738020534,96.7319184254124,99.9413666804419,96.5682948408786,99.9436973970294,98.9598446469459,100.604394801062,3368.58731048112,3.63685568789133,96.1288796184107,29261.7832308804,35.0458148105059,,98.0,95.7,4.5179060398508,93.4926863649343,4.48985261894256,,,100.384072150994,99.8237460745137,25.437401296839,60.9083061827789,98.2157316623383,95.701941061763,4.58403535805563,96.3642257625566,4.62839895260323,107.47590706911,113.267755654135,4.57342573773291,4.48322693083488,4.47136032265851,4.48609684045086,4.48985261895862,85.2578820967516,97.5623000934497,101.377440164279,5.75,5.70702128523397,1.77608686591587,1.80873131763489,1.79413761184246,15.0909071428481,15.0909482097076,13.4375609650408,14.4824331064328,14.0715479741499,10.746540610383,22.0273705590558,22.7418821228495,22.8622584612144,23.0967652496344,3.00831923778239,6.1066,6.4477,7.25,7.25,4.13,2.1,3.0301337002713233,30.1433408797151,70.48710626912052,10.7465414342281,3.5311914973260277,57.68423977973393,64.70282666155265,16.7468596814199,98.7460809313391
2017-01-01,98.0276435683218,100.219663371451,100.630220618369,96.3029416802493,100.62999863705,97.7243075484793,99.2601896197582,3266.91141689272,3.53581200837346,96.4785657822957,29407.9156066093,28.6264524416904,54.3246795181352,98.2,95.7,4.53355390649578,94.0549733311958,4.50983127225733,,,99.8855081284367,100.726685067512,25.5034950511905,60.9111329281514,98.2584863233718,96.3763376598085,4.58366254927839,96.5037823819452,4.52294004450044,108.788768595011,109.198292671236,4.60778355883386,4.53143589084565,4.45617060142845,4.51004368406818,4.50983127224168,86.8943889421205,96.6988412786568,100.187255369263,5.75,5.91070437236005,1.83996280224956,1.87324478942735,1.91167375249,15.0992121512628,15.0992574185533,13.4460006557071,14.4907622470485,13.9496857475449,10.7517762307559,22.0451749461205,22.7436359318081,22.8630543588084,23.0977261071328,3.01377218748676,6.1525,7.3878,7.3595,7.5988,4.14,1.6,3.0740812399649675,30.1547253444639,74.58758256012017,10.7517422285422,3.3898305724728335,57.28122821116302,64.96932289226572,16.7498986366964,98.8802408669055
2017-02-01,97.5455259018448,91.4405396012552,100.193210328954,96.3827412173071,100.1910862987,98.4595738665613,99.4701746258531,3228.58926482511,3.46861002927379,96.2924256702864,29537.3310276984,32.1493720609543,54.198076770453,98.2,96.1,4.53900099308656,94.5965034884985,4.51324697705112,,,99.1824683451263,101.523487193733,25.7019403686437,61.3398704211712,98.7680664323716,95.4150636105075,4.58368895288644,96.7831020423614,4.54889889241115,107.919276820725,110.384447079364,4.60214080447845,4.52054638134705,4.46248402452578,4.51076214180828,4.51324697703843,89.1808648155828,95.902700769289,98.9286717421577,6.25,6.15790651759317,1.8479028597487,1.87598880913902,1.91473395553957,15.1078992545401,15.1078517128273,13.4543247254052,14.4982869819057,14.0128341010314,10.7686719796699,22.0541064761986,22.7476339885454,22.8682313877445,23.1061258424132,2.98186456673315,6.605,6.9442,7.239,7.4,3.98,1.6,3.0492730404820207,30.1237444300226,74.58758256012017,10.768670762936,3.3898305724728335,57.28122821116302,64.96932289226572,16.7535734834433,98.716867805699
2017-03-01,97.879140012147,95.7084469748466,100.895100069657,96.3094752855675,100.893812544251,98.3360420670165,98.413682930558,3216.44136861848,3.5267585579652,97.4973237333503,29457.4656572116,34.2055721631061,55.1569207020124,98.6,97.2,4.54469413201007,95.0626045662935,4.51476772190303,,,99.2340516597874,102.481524255581,25.6397289834328,61.1854925615027,98.4044971706986,95.4301169206836,4.58290580685634,96.984241942942,4.52024696590616,104.911798179899,108.393519719321,4.57475782446413,4.43781905058223,4.48261533107996,4.50812304764761,4.51476772189421,95.9239998100457,96.7835251747067,99.837098613019,6.5,6.36911089520689,1.89904136813644,1.91566764661438,1.92789049459623,15.1212638309659,15.1212076138045,13.4624168896382,14.5135541434547,14.0328429290125,10.7974958945994,22.0535682640502,22.7465441431311,22.8744592898049,23.1127228476615,2.95084097960147,6.6796,7.04,7.08,,3.99,1.5,3.0076608444192647,30.1927761401764,74.58758256012017,10.7975204568604,3.3898305724728335,57.28122821116302,64.96932289226572,16.7595175176259,99.255657046429
2017-04-01,97.8537570725349,95.6411237381042,99.7982022380189,96.7426333924943,99.7945988370946,98.5688869416471,99.1345346080173,3406.62388554565,3.47923935893299,96.4316471372918,29764.1883948537,35.0666264607401,53.8057019671888,98.3,96.5,4.55065852979156,95.5136336114049,4.51281764144789,,,99.6869295589064,101.859738259749,25.776547522905,60.6685814001399,98.1947969137654,95.2391065469387,4.58485048133173,96.8655665572088,4.53504789384006,107.910869021393,108.996498056476,4.547067472769,4.40804803638418,4.49555179001962,4.50422306440317,4.51281764144609,95.5187660406726,96.3078079430676,99.4443908249856,6.5,6.52223142650833,1.91939675655649,1.93574624259166,1.95028764140119,15.1350454922023,15.1349374025007,13.4688949966328,14.5303741011284,14.0515262633275,10.797960554624,22.0652182594524,22.7492170273144,22.8794362044194,23.1183700434185,2.95604413613204,6.8925,6.9696,6.95,7.24,3.82,1.7,2.975529566236472,30.0184262919226,74.31401830393203,10.7979708283653,3.462655558632787,57.35829482957933,64.54442129628596,16.760879697987,100.154365427205
2017-05-01,97.6447354242435,92.2441901241202,99.8368919213823,96.6657593235171,99.8370588660854,98.4037350830161,98.8538104460169,3399.29870438144,3.50617609422891,96.8151175764864,29894.4525962389,35.5824548661267,54.8730641344689,98.0,96.5,4.55546396117655,95.8377406720574,4.51338222285317,,,99.697187133548,100.974354815188,25.5726761638603,61.4589635509454,98.5523465616611,95.7882120179462,4.58699641350323,97.1681692632469,4.5754698178307,101.880426782099,105.411088252218,4.54769175161973,4.37926708990583,4.50970746199585,4.50387728939538,4.51338222284906,91.0116863615745,96.4019745937908,99.2388468484809,6.75,6.74051369705346,1.95133498242551,1.98900252511079,1.9792045352434,15.1353066772012,15.1352703817012,13.4743228240387,14.5275292256902,14.0671246768033,10.8012511765956,22.0476483485317,22.7473410138284,22.8693920411194,23.108294268466,2.92473028489184,7.1471,7.28,7.04,7.32,3.81,2.0,2.970414465569701,30.1212145733892,74.31401830393203,10.8013151321844,3.462655558632787,57.35829482957933,64.54442129628596,16.7640571761615,100.208370797072
2017-06-01,98.1445387591627,101.266279640371,99.9027199792928,97.0204695240471,99.9029297977214,98.5986451392825,98.3901504994967,3437.42904914295,3.27737609111392,98.0501767853229,30704.6461580961,35.7323059174636,53.6591557504411,98.5,97.5,4.55908234529497,96.1629672218011,4.5107028667255,,,99.5225002831529,100.237507026081,25.7788331950532,60.6972320563662,98.7038568561433,96.1585151365065,4.58985464468539,97.4943423527512,4.53300608106401,102.244957488685,104.585437418992,4.52687485676457,4.28157211439882,4.51958417323584,4.49719546086112,4.51070286672191,90.7711847713126,96.5467842632222,99.0787249178822,7.0,6.93130859633286,1.95747490092729,1.97245788656115,1.98506193983926,15.1472205349746,15.1472138819773,13.4807450291106,14.5417165925424,14.0770000828321,10.8090568903071,22.064309658178,22.7582703125056,22.8888675711477,23.1279650942309,2.90171592957064,7.36,6.65,7.05,,3.8,2.0,2.928523523860541,30.1529842523458,74.31401830393203,10.8090564674212,3.462655558632787,57.35829482957933,64.54442129628596,16.7697830910482,100.230388056324
2017-07-01,97.2962015712666,96.5436424039023,99.1393881485061,96.3083590960429,99.1405958938469,98.396359574252,98.9593757881623,3389.67613580953,3.25597089486907,97.5859888383995,30327.306851781,36.1990419522947,53.529961637311,98.1,97.6,4.5625558660091,96.4793681882628,4.50972923897789,,,99.2324121328895,99.1628087612006,26.1744893273019,60.7093741081408,98.8539779386208,97.599314632523,4.59141009160264,97.8104123358276,4.54594635482614,102.341261398489,104.538967460589,4.51877737009261,4.34097417995632,4.52908696117817,4.49879730185106,4.50972923897919,90.1759902542438,96.9011471608336,99.0357997654142,7.0,6.97775999720161,1.95567731780177,1.97493876386051,1.99118427644761,15.1566319712125,15.1566203469945,13.4872134410882,14.5548032723263,14.0894516133695,10.8174201568804,22.0730122320792,22.7706377822137,22.9072704328247,23.1391437936797,2.90207599853508,7.3811,6.82,6.63,6.88,3.92,2.0,2.911263116927541,30.1206223563714,73.84522882909317,10.8174213987102,3.54877601807566,57.39100996658504,64.74762864296729,16.7729171751338,100.005335215509
2017-08-01,98.3208890779923,97.4167390834296,99.7208386769826,97.4513866739409,99.7214345617669,100.334293147634,98.6404320176959,3590.06283240751,3.33292125037806,98.313147422135,30541.487232957,36.4989178928423,56.2786568599326,98.7,98.5,4.5670420490814,96.800419188407,4.51365741945671,,,98.7009892076956,100.426209904014,25.6261768302284,60.8325549896052,99.0566223247067,97.6493678779627,4.59380331184812,98.219285450368,4.57526939281333,103.647208349592,106.343633742101,4.5198272168302,4.39146580517079,4.52518865212487,4.50578112507604,4.51365741946241,89.0070084995088,96.9328568419066,98.6795173864992,7.0,6.94655645570972,1.9666092027284,1.98736722886759,1.99247702503464,15.1677148842805,15.1677325058097,13.494308016549,14.5705497634852,14.1014458760017,10.8222958018152,22.0628473238459,22.7686763491145,22.9030882889207,23.1361011919634,2.88709953353955,7.3825,6.72,6.77,6.885,3.82,2.15,2.9014215940827497,30.1810005682213,73.84522882909317,10.8222471579097,3.54877601807566,57.39100996658504,64.74762864296729,16.7766803389159,99.5006419427202
2017-09-01,97.1586839303294,98.1293727725413,98.7434239002157,96.6212535611378,98.7445999534354,98.2431996462391,98.4963000389886,3474.59633020422,3.34030135025587,98.3053180710471,30458.1119197139,37.0150598557039,55.5007335537003,97.4,99.0,4.5694977751786,97.0097723886112,4.5120386030053,,,99.9470074157063,96.8918590985886,25.3527137225478,60.9262556595377,98.4534724253118,97.886509282968,4.59465553562274,98.1036940425552,4.5866191183699,101.352484513054,105.010182442021,4.52100861532101,4.40366297837982,4.50487037236599,4.50550155138331,4.51203860300883,87.5374467898904,97.2870464320093,99.1402588332294,7.0,7.10553880289756,1.96461676251513,1.98359043714317,1.9919231375437,15.1739648145216,15.1739614710824,13.5002680672937,14.5791892972217,14.1086470662725,10.8245087608679,22.0934920832876,22.7898353038236,22.9212721942538,23.1520242922627,2.89378536461031,7.3794,6.72,6.7849,6.79,3.81,2.1,2.89314568477889,30.1574390390054,73.84522882909317,10.8244774312762,3.54877601807566,57.39100996658504,64.74762864296729,16.779681701286,99.7037244646961
2017-10-01,98.4504397944517,99.3554215265685,99.8426307005117,97.5228908650753,99.8421985520668,99.1293939306551,98.7010977194056,3500.06466626296,3.44582959946463,98.3805522994054,31103.3237312588,36.5013212871732,55.3251123299219,98.6,98.5,4.57346062247008,97.2914197188546,4.52405477230406,,,99.7876413355197,99.5727877699138,25.9535089104671,60.5394569133324,98.1203790532096,98.0406661521169,4.5967324379265,98.2840644831192,4.61671862585645,102.759222909625,106.46465788644,4.56179990950556,4.46465393890119,4.50141868977531,4.51866954109175,4.5240547723127,89.2222434360579,97.2436974496311,98.9310137001805,7.0,7.05522657469642,1.96601393875447,1.9849948058603,1.99206007967148,15.1848180500831,15.1848359887935,13.5061444950627,14.5964165850159,14.110955372277,10.7952139366884,22.1058629497899,22.8026395834258,22.9251776083846,23.154947246327,2.95516239293673,7.3825,7.058,7.099,,3.85,2.1,2.9338568698359038,30.1216279108275,73.70771669008934,10.7951977241027,3.3492089931226454,57.51612274987833,64.73675779031288,16.7834128545992,100.963771147853
2017-11-01,99.2140836177704,102.737687054629,100.057546800393,98.4410690858269,100.058378518441,99.0768562777201,98.2062359449274,3542.94727002269,3.49716411394703,99.0447962441547,31716.0412071961,36.6133939181762,56.9879423856324,99.1,98.7,4.57871346459041,97.7365528494709,4.53183167950501,,,99.7112876310972,100.206840809375,25.3005034659554,60.8466067242879,98.022283129616,98.198400561779,4.5956859047646,98.3840559035272,4.61241036752729,104.463667167593,106.801178733461,4.57393448432808,4.52431386800437,4.5162052676618,4.53242722690124,4.53183167951558,90.3839540335577,97.7206385886042,99.2430230345963,7.0,6.9863805729256,1.96639711186895,1.96519748482122,1.97906255038698,15.1914251164541,15.1915089685731,13.5127449115724,14.6027167586433,14.1133493034409,10.7888592450842,22.1044099285125,22.8124313953919,22.936770795697,23.1643768263342,2.90657013540137,7.3875,7.05,7.095,7.193,3.81,2.1,2.9444389791664403,30.1427266392531,73.70771669008934,10.7888261229963,3.3492089931226454,57.51612274987833,64.73675779031288,16.7864971040154,101.133781035997
2017-12-01,99.8346481590082,97.5892332882139,100.728939453258,99.4312788478084,100.728620086505,99.4256689057096,99.3988956559485,3636.79898659773,3.39074917671307,99.764628477162,31790.8863274826,35.8651585837712,56.0188852114813,99.9,100.0,4.58343221879811,98.0460478526352,4.53516230547294,,,98.6771159161517,99.9180018968905,25.8565119082427,60.7338140104272,100.111557247721,98.4157066788807,4.5904128755778,98.9428866007485,4.61630392134478,110.617874426767,107.25453328375,4.58316951573155,4.58391827586235,4.52560992718287,4.53626624216915,4.53516230548842,91.3945519744512,97.7375611010513,98.8323140214554,7.25,7.20403781165791,1.98262360416029,1.99359078251591,1.95705559420694,15.2072184898632,15.2072610812528,13.5185700747306,14.6271987836193,14.1171722167046,10.8198882567713,22.1276423777368,22.8336826935011,22.9639337662547,23.1772819625504,2.96748023115648,7.6241,7.17,7.7508,7.53,3.85,2.1,2.9418039315284354,30.0807483525155,73.70771669008934,10.8199069857729,3.3492089931226454,57.51612274987833,64.73675779031288,16.789172646967,101.175670607544
2018-01-01,99.1217882306959,100.249786013767,99.8478158221658,98.5454428691477,99.8486713020397,99.6791413739555,99.2929436662088,3681.23619426854,3.28272833907788,99.4062153291962,31155.4046547995,34.6585461694776,55.0044082272528,99.3,99.8,4.58738480944794,98.3391351455084,4.54456920648236,18731617.3232332,17.4749993194828,98.7663540022445,99.0859230002136,25.8611914031974,60.7643876190187,99.9862324336187,98.8180380051392,4.59714015057728,99.1468495462308,4.62657687388526,104.583032360307,102.693531615338,4.5838528731179,4.604086422177,4.54212701887809,4.54862396978442,4.54456920646592,91.37256261995,97.9609447909808,98.765424241206,7.25,7.25362954944899,1.99139995832201,2.01078172639158,2.01471825121468,15.2135074181474,15.2135850558406,13.5250332893964,14.6339743998601,14.1128489344875,10.8163642635423,22.1159754162437,22.8266709260542,22.9368014372568,23.1538254286627,2.91395770097742,7.6625,7.54,7.4649,7.639,4.02,2.28,2.93651291389402,30.1624238681422,72.44694091711476,10.8163254462456,3.121496179954909,57.17892615571045,64.9569969484644,16.7929014907319,101.617824627411
2018-02-01,99.6533050355605,100.660841771484,100.26890697053,99.2602073630857,100.266511746354,99.9028159099322,98.7783236589767,3831.57377565913,3.29231216283378,99.1859718758025,32569.7652646399,34.7449250537224,55.0344436351049,99.4,100.0,4.59129312018592,98.6474688245815,4.5466298173182,18350297.4481292,17.4640062083757,99.8852280953065,98.2423503204679,25.6557105633077,60.8480323467042,99.6835589864735,99.0787238095303,4.5987277883106,99.2633133058577,4.58106299984804,103.009911611404,100.772567531389,4.59840736324464,4.60183040518741,4.55484581956948,4.54834658752698,4.54662981730633,91.3268228176917,98.6241457269549,99.2311010864639,7.5,7.3569817245443,2.02275798041686,2.03769054454074,2.03837968103005,15.2214808375023,15.2215270896613,13.5325467960252,14.6440741661285,14.1259567581161,10.7773620299245,22.1258137553086,22.8332436997642,22.9518341219543,23.162000538823,2.9235444518277,7.8315,7.47,7.6481,,3.96,2.3,2.924236271848921,30.1614083783243,72.44694091711476,10.7773966101888,3.121496179954909,57.17892615571045,64.9569969484644,16.796959802117,102.072585125511
2018-03-01,100.35051237558,99.3375870665017,100.348216646633,100.347885484302,100.351084646359,100.170238411116,100.023610708928,3742.66345794538,3.26506659767786,99.1095445835081,33745.1805324703,34.7460464600529,56.2067136651409,100.3,99.6,4.59441295016202,98.9157619526673,4.55059398372914,19076324.1607284,17.4893391981866,100.204075573488,100.560743479753,25.962394401566,60.8161458096475,99.9781459044566,98.7589793557347,4.60072661799475,99.4978054362454,4.61366626179466,103.423630903605,101.87990676355,4.59679554071264,4.6127123815305,4.54431774348562,4.55312491604149,4.55059398372074,93.2262554883385,98.880472663896,99.4066762028062,7.5,7.41984834746523,2.03652920313164,2.04140090280685,2.05232261917108,15.2252880006251,15.2252022382419,13.5393108777966,14.6475268416199,14.1011383045206,10.743897441691,22.1421396429515,22.8413791501189,22.9752134327008,23.1860351845041,2.91932566155619,7.8483,7.4695,7.44,7.5249,3.85,2.3,2.9231615807191558,30.1449526553518,72.44694091711476,10.743982021234,3.121496179954909,57.17892615571045,64.9569969484644,16.8003601669412,102.492127039382
2018-04-01,99.4417859812076,101.511707428391,98.9658191973419,99.4479249470153,98.9578504646786,99.8354164953478,99.0452414120229,3732.5024827971,3.38592125486674,99.9159393666688,32516.9667021393,35.6987224942763,54.6993179097327,99.0,99.9,4.59585162504939,99.0762985550591,4.55169061810656,18567343.9223901,17.4923584398746,99.7920494103254,99.250953508028,25.7962163861021,61.2060401498539,100.313262069574,99.8143857494032,4.60326006622039,99.9552724011713,4.57423969971209,101.555074508672,100.078869874466,4.6022345521519,4.61110975459164,4.52009668468407,4.55299842008273,4.55169061810522,94.8401597781164,100.330046007098,100.515458668799,7.5,7.49639035044064,2.04981717155768,2.05529459130073,2.04895478521572,15.2357033160307,15.2356113630135,13.5481427502791,14.6615193520144,14.1161357355553,10.7790541377655,22.1476535626211,22.8545683158647,22.9810350762922,23.1927190293104,2.9436458876382,7.8455,7.4,7.2098,7.54,4.01,2.3,2.9231615807191558,30.248090580857,71.47962029880813,10.7791006478313,3.332576723729493,57.86939579228078,64.68541408284004,16.8049689752049,103.530378613168
2018-05-01,100.181089666345,101.6274676023,100.668555343444,99.8749983181986,100.669953807155,100.021355925876,99.4633620197909,3683.70821682961,3.22291357059653,99.8824704672734,31896.26723272,36.5011788083579,55.2574723837933,100.4,99.6,4.59972459592056,99.3833661700407,4.56514841072734,20460871.7803263,17.5554635646123,104.374376947616,101.075348698302,25.3332018115845,61.0270800089433,99.9145980685597,100.514855680667,4.60184259647094,99.9411212021673,4.63593133562619,104.017545079576,103.351085946492,4.63170991106039,4.67137079401151,4.52905377414071,4.57067599589136,4.56514841072421,96.0528770409773,100.917916839569,101.02254847675,7.5,7.52074709084,2.04689838016754,2.07393645464328,2.07687111440019,15.2537837477404,15.2537312321569,13.5557341109935,14.6880466585143,14.1239738097825,10.712678672576,22.151473520844,22.8598820449775,22.986135811841,23.1966732545742,2.98910963534729,7.86,7.65,7.73,,3.9,2.25,2.9402195636237325,30.2010611591075,71.47962029880813,10.7127557359004,3.332576723729493,57.86939579228078,64.68541408284004,16.8082675193342,102.409056913243
2018-06-01,99.926609693471,98.5463584190444,100.483682311888,99.866948716629,100.484684624896,99.5798423737318,99.9208011874975,3911.48283884131,3.35571080085874,99.5378145036923,32833.3369591891,36.9210151675337,56.3857966511332,100.1,99.5,4.60424434683666,99.6389494573183,4.57680484712653,20672094.6565601,17.5735915955496,100.561053002619,100.375956316105,25.9859298363749,61.3959973231061,99.9876526953544,100.199052303106,4.6039592175368,99.9469883725595,4.62983477833435,102.174560142222,102.132782092602,4.68794685746936,4.70108343441521,4.5165682387657,4.58507659514314,4.57680484712527,97.4530085611773,100.712387140169,100.81420398479,7.75,7.66046260656343,2.07298252372939,2.08938045806798,2.10345129990695,15.275133952229,15.2751066340912,13.5641284568686,14.7024065846631,14.1354202986127,10.7650646203737,22.1819829896064,22.868193672916,22.9980220321211,23.2077519227828,2.98582933807131,8.103,7.79,7.92,7.88,3.86,2.3,2.970414465569701,30.1895294296504,71.47962029880813,10.7650464651476,3.332576723729493,57.86939579228078,64.68541408284004,16.8093587538413,103.064035759911
2018-07-01,100.272262617535,97.7460627902311,100.791528482217,100.166063133492,100.791255690767,100.174838916343,100.008958251141,4016.31836326516,3.29309884889789,100.219722966557,33244.3872640634,43.060735773136,55.3221279566179,100.4,101.2,4.60855969572524,99.9556699637909,4.57174680166544,20466537.8726162,17.5663688580942,99.4049085892994,100.838282699173,25.823981820086,60.9799468505726,100.142866535056,100.390951278854,4.60446867270036,100.036667084939,4.61354009584477,101.59962502021,101.4408265621,4.63643115285734,4.69540014687203,4.49878748273882,4.5791653642092,4.57174680166791,99.3768778651153,100.183675408099,100.125257295084,7.75,7.74858841295114,2.07132670917081,2.08611976534842,2.11615061421183,15.2730213933903,15.2729810652727,13.5712218337742,14.6995852399272,14.1513224345222,10.7956266604613,22.1597797595304,22.8568708507496,22.9894237509338,23.2025149636156,2.9472614500066,8.105,7.83,7.65,7.75,3.85,2.28,2.9444389791664403,30.1633930650175,72.40663069560478,10.7955870947508,3.4437813258110017,57.82730698365558,64.38747848782792,16.8129500853563,103.296319460155
2018-08-01,100.581679917502,98.5132994459162,99.9946518245511,100.97118191516,99.9939013575673,100.859340983386,99.7874150956242,3865.60990628268,3.2685571921714,100.40156399525,33260.3062816181,43.0393856373735,54.7511621616333,100.2,100.7,4.61406186001188,100.271531732203,4.57520491918378,20675670.6338115,17.5348823875126,99.6263071181145,101.305087639809,24.8997743210462,61.325543549078,100.28027032276,100.451752656415,4.60689334699525,100.207728262716,4.60771969946263,93.6601257679208,99.2043676902064,4.59905991720194,4.6805786778767,4.51828423235077,4.58155313474208,4.57520491918764,101.798320022189,100.635254720234,100.441988148934,7.75,7.78068100027241,2.07349621181669,2.10185093318885,2.11365106291943,15.2819042964009,15.2819154125886,13.5791838692504,14.7129874815149,14.1579475913163,10.7937292390514,22.1672254912235,22.8681286182907,23.0019471103996,23.2107426188895,2.95978654568787,8.1038,7.83,7.59,7.83,3.75,2.1,2.9391619220655967,30.2126395949203,72.40663069560478,10.793635090652,3.4437813258110017,57.82730698365558,64.38747848782792,16.8159012983213,103.781537245141
2018-09-01,100.67919818798,96.8696451576373,101.079309107915,100.865848538266,101.080254735399,100.737768822646,100.194702277237,3933.71474782202,3.33031311016334,100.863866427001,34718.3817065838,42.4064977630251,55.0412577703089,100.9,101.6,4.61807939219486,100.564592260121,4.57865323112454,21089323.549213,17.5357290864977,99.0415072065383,100.810651273953,26.1414791871693,61.3130467936032,100.135146219764,100.291957922802,4.6075131309596,100.338166465975,4.62085474035378,93.567264992371,99.4872712872513,4.59688476853476,4.70310306405618,4.53399881799561,4.58804152209267,4.57865323112738,103.846401516009,100.314059080436,99.8748701780241,7.75,7.78122754421016,2.0816796673445,2.10853471023781,2.13613397919463,15.2891283683459,15.2891259257181,13.5882567062164,14.7183081888058,14.1642578725527,10.8122916620562,22.167741553785,22.8705935886942,23.0039983261675,23.212831016998,2.921702462714,8.115,7.96,8.0,,3.76,2.1,2.9428587839469227,30.1461678718686,72.40663069560478,10.8122080386333,3.4437813258110017,57.82730698365558,64.38747848782792,16.8183021623712,104.006017801154
2018-10-01,100.551201622244,95.1405770374235,100.173870505246,100.892467851286,100.173978874946,99.7719792732816,101.371765281799,3968.32091801094,3.20297191242864,100.87974261985,34016.8466748575,42.5125402795707,54.6494689310906,101.0,101.5,4.62138154210681,100.917107368756,4.58463805308932,20526694.3203851,17.5449223617266,99.1183121213465,99.6840366929076,26.2015620005374,61.4671760336737,99.8418635967342,100.580646966989,4.61062879567331,100.500209219326,4.58375740493458,101.703170614459,99.343546039868,4.60829501063932,4.73995115716159,4.5503513635647,4.59485363829564,4.58463805309569,104.664101220443,100.400955171888,99.8511371215697,7.75,7.7986466222165,2.10820981164864,2.10636662798535,2.11916873730171,15.3036321854424,15.3036505787034,13.59596801506,14.7367724365316,14.1760498511142,10.7040194209084,22.1755214003069,22.8778121940013,23.0121771395013,23.2125575619889,3.01018148031958,8.1539,7.91,8.57,8.17,3.83,2.1,2.9444389791664403,30.1900305933469,73.68051744239341,10.7039723873844,3.2664657687005736,57.82632930806668,64.48355591358799,16.8199610436649,103.959603224495
2018-11-01,100.030321088729,103.201292540163,99.1749725592256,100.309206771047,99.176120246884,100.16074166179,101.605025754671,3701.04855204489,3.3397840420689,100.379269069238,33390.4079919765,41.6421571094379,54.7469570036735,99.8,98.2,4.62515440598451,101.278061307423,4.59528160905634,20424765.6997826,17.5364248783585,99.0961347659268,100.532089285317,24.8204350927964,61.4179821925842,99.9516775283595,100.534366881404,4.6126445138687,100.661752924164,4.57765213140399,96.3274953892637,95.7292287892525,4.66277163380245,4.67236361631914,4.56312847901361,4.60137115822283,4.5952816090647,104.594904196643,100.62704765777,99.9971607487026,8.0,7.93700025626835,2.10439364358349,2.12693305151194,2.13420952294282,15.3110491841446,15.3111109185158,13.6043559891477,14.7448645097167,14.1839965783654,10.6674014664564,22.1895880002589,22.8874880521839,23.0201703706858,23.2204801417859,2.99087021244195,8.3363,8.68,9.02,9.11,3.88,2.1,3.0081547935525483,30.1974861839742,73.68051744239341,10.6673419406719,3.2664657687005736,57.82632930806668,64.48355591358799,16.8213004387586,103.852037943695
2018-12-01,99.6498947051877,103.23286960637,98.9408789463717,99.7150695782548,98.9422409260936,99.6191203851056,100.795562329312,3460.94173526277,3.65667140412061,100.324334776505,33813.7147167103,44.3010246069983,55.8948305917793,99.2,98.6,4.63112359901974,101.661545820203,4.59787877900789,20978639.1004035,17.5447056228175,99.7381483295221,98.6434530090885,26.0227143172159,61.4457903745656,99.7277091465972,100.64550130285,4.61256090341631,100.43908035758,4.60056172787565,95.7223765243941,96.8542778278909,4.7052940380205,4.62096313116746,4.5742706320709,4.59617542971571,4.59787877901829,100.530255651925,100.719420058511,100.224780674485,8.25,8.00958104839102,2.09780842398159,2.12177373193063,2.12265258395695,15.3113012580341,15.3113478191896,13.6112639501613,14.7389955103522,14.1865060876188,10.6374717172864,22.1827027513581,22.8833527740294,23.0241444677757,23.2219354936288,2.97647832948682,8.5956,8.56,8.79,,3.89,2.1,3.0106208860477417,30.1307782001284,73.68051744239341,10.6375059931026,3.2664657687005736,57.82632930806668,64.48355591358799,16.822615612019,103.830002069219
2019-01-01,100.119436303999,100.40639526808,99.0773538416614,100.672819861457,99.0792452158041,100.985768643191,101.4910903067,3761.67459082818,3.4555939652284,100.324937462132,33416.824300257,45.6754468165,55.0450404359522,99.6,99.9,4.63042587828443,101.871138475806,4.59491610394396,20967327.2512263,17.5273640384302,100.545146582505,98.2764463054035,25.5742970357686,61.9204779220529,101.024794581206,99.7512420425189,4.61667646109875,100.723184760753,4.64765384889832,94.2036204067837,98.1110233347242,4.66801868557368,4.58920800719042,4.57618155545023,4.59345257978674,4.59491610393123,101.549945637977,101.156879935604,100.366030843692,8.25,7.8375813441796,2.08646518988545,2.10185629427468,2.10461650137846,15.3181288145532,15.3182243374117,13.6195409389438,14.7473611703809,14.1787474875579,10.6735008998186,22.1783401499744,22.8846541203757,23.0268002444094,23.2311912745245,2.94726638543268,8.5918,,8.44,8.71,3.98,1.8,3.005682604407159,30.1903979651904,67.99726971169157,10.6734593185658,3.3530933051055563,57.529284990608865,64.52832757805592,16.8246655403763,103.645885531288
2019-02-01,100.514377093481,107.582664873046,99.5595365851952,100.664074218351,99.556846518962,101.105494974141,102.259473724243,3586.14905482124,3.39124926324168,101.200196070331,33824.8061187366,48.499860686878,55.1268299106169,99.9,100.1,4.63057778596651,102.166347329693,4.59243411248606,21078494.3442818,17.5254657915836,100.175360639319,100.010114815151,24.8380564660366,61.6392520094007,100.395172142275,99.9565272407792,4.61966080895992,100.862267587356,4.64314004855701,93.3468443188025,98.1625096270573,4.62666260184176,4.6265331584643,4.5475137959411,4.59322445874693,4.59243411247747,101.581856277578,102.460051445633,101.49607156608,8.25,7.97987381230423,2.08292528262691,2.08499404975775,2.08422832827375,15.3249848343483,15.3251320247817,13.6269844583385,14.7555784537659,14.2055619023838,10.6671104222497,22.1817173248011,22.890155549971,23.0295939613233,23.2341629638641,2.94739481163975,8.5365,8.17,8.1,8.49,4.17,1.63,3.0022112396517002,30.1624733537902,67.99726971169157,10.6671977943789,3.3530933051055563,57.529284990608865,64.52832757805592,16.826746188905,103.168277371619
2019-03-01,99.2115327246785,99.5189302130466,98.3098896800381,99.5790567348849,98.3085122814731,99.3312084886213,101.446931589496,3490.21136141182,3.61367798545095,101.162394072856,33876.1897852703,46.8351514194594,53.988845711461,98.6,100.2,4.6343411884257,102.476902257997,4.59215340507935,20319742.0908385,17.5087926628449,100.349296836385,98.6476361730824,25.3279801777715,62.2187435269719,100.338727770288,99.9930448921167,4.61940356093185,101.052735268625,4.61142024741454,93.0442696120071,96.9686391627973,4.63035948462255,4.65626389114917,4.53673760202758,4.5949868785264,4.59215340507389,101.919566924136,101.917654370629,100.892057166119,8.25,7.76500970263208,2.07967829176666,2.089131494975,2.08318926186458,15.3370963310447,15.3369617477147,13.6388466416596,14.7728860265782,14.1901565306151,10.6770451694804,22.1833266965665,22.9007826533475,23.0348331373901,23.2419797678313,2.97523240769876,8.5099,8.01,7.92,8.01,4.12,1.5,2.995732273553991,30.100137512819,67.99726971169157,10.6772558394473,3.3530933051055563,57.529284990608865,64.52832757805592,16.828192064321,103.145129326364
2019-04-01,99.6544985405911,100.138017187256,99.3282362224293,99.6279531960364,99.3242217845804,100.156437239545,101.685711927868,3549.93274434045,3.4885979747892,101.677467071548,34804.1364827575,45.4322741702967,58.1306966052885,99.5,101.0,4.63923786641773,102.927189303707,4.5964611315807,20014408.1296127,17.5075410346099,100.718790878216,99.7106273877043,25.6749459240396,62.0294799098867,100.960690830768,100.312468530164,4.62078323566542,101.221525103667,4.60502223328498,90.733013503562,96.605157214939,4.63947829469268,4.68162745272341,4.56541643119385,4.59968591130262,4.59646113158029,102.174135946726,102.049480135465,101.026751993355,8.25,8.22008797181224,2.11051183103793,2.12620690822292,2.10302166481319,15.339914680748,15.3398270497374,13.646587479962,14.7739353478134,14.1995399504083,10.7002231971469,22.1818873284038,22.8974281493304,23.0368945571241,23.2401051825143,2.95048610089618,8.5,7.98,7.89,,4.01,1.5,2.9856819377004897,30.1360653972639,67.79864155098608,10.7003482469927,3.5331167703054898,58.14142407592102,64.61945970843617,16.8303229191892,102.525798318513
2019-05-01,99.2429748092631,100.176533683608,98.4399710974531,99.7729456617715,98.4395557229421,100.378664837582,101.92241999888,3493.5767883801,3.53807123754522,101.871910801664,34439.9429102373,44.2863729329215,53.9782918278502,98.3,100.0,4.64146695563437,103.15579239055,4.59536123974248,20309703.7652281,17.5222070632712,104.404123554547,100.616054101016,25.6154141589198,61.1971109572357,101.415944193793,100.485293612277,4.62169329550751,101.388937999334,4.59110864803965,94.3819830045592,96.1936668331677,4.60032094292383,4.63807647691683,4.57255884847935,4.59746849823137,4.59536123974074,102.509729765899,103.025606122545,101.739613470607,8.25,8.11204974052249,2.11479299279124,2.12332356948585,2.12411081421463,15.3465207671168,15.3464501471131,13.6565128911107,14.7801338816084,14.2105736364981,10.6661498821327,22.1935488648639,22.9092623105131,23.0490072189564,23.252458734614,2.97420576752403,8.5075,7.82,7.94,8.24,3.98,1.35,2.9871959425317045,30.184828198668,67.79864155098608,10.6663134797817,3.5331167703054898,58.14142407592102,64.61945970843617,16.8317842278176,102.339045640028
2019-06-01,99.7389787596205,100.776933575496,99.406115387162,100.044926031079,99.4059824717991,101.278273836673,102.539332892923,3162.54049929511,3.53666183134881,101.535482773367,34945.3439588001,43.3610988861743,54.0067977687615,99.5,99.9,4.64229787731247,103.463430176392,4.60027507846748,20471913.8004401,17.543407744139,100.877035822836,101.607039914977,25.1558320303285,62.1928350479647,100.988904071373,100.710586599996,4.62125320400929,101.302167823281,4.58915309217173,94.6854854527443,97.0208162320988,4.61990148919509,4.58489812007137,4.58897174474251,4.60032630694705,4.60027507846701,102.587894872333,103.499847022003,102.229609197001,8.25,8.14693230509928,2.11675464679506,2.10837931469562,2.10786006257668,15.3517661444078,15.3517222870678,13.6652033163481,14.7829475394625,14.2183812137652,10.6697218890913,22.1964099397664,22.9106932359194,23.0564913214609,23.2586439575088,2.95745503338416,8.488,7.57,7.57,7.68,4.03,1.1,2.984671326194566,30.1364571359155,67.79864155098608,10.669799515476,3.5331167703054898,58.14142407592102,64.61945970843617,16.8334643022621,102.313361822659
2019-07-01,99.5258639754352,99.447655589145,98.8140615117251,100.049464807813,98.81366080474,101.148309746187,102.37831148107,3225.1531081829,3.5248128624505,102.128992714054,34490.6884097585,43.1254499870028,54.5146638139475,99.2,99.7,4.64437973337675,103.73874330434,4.60366907669329,19974650.7395271,17.5141634191763,100.505940618527,102.012492795351,25.0330183561284,62.475658616413,100.873434815712,100.845689204887,4.62216985563313,101.189943178733,4.56816217702419,92.1479756931294,94.8324888279044,4.6159228314713,4.58680940365907,4.60116231820518,4.6023598930207,4.60366907669512,102.508112826965,103.864923331155,102.491755472666,8.25,8.04506419289487,2.10463446870068,2.0989656433183,2.09810815473844,15.3521506460227,15.3520885087848,13.6732487656818,14.7830728861745,14.2192858292092,10.6064753851082,22.1902434343146,22.9130466710952,23.0549812256976,23.2564999920895,2.96407895028104,8.465,7.37,7.37,7.53,3.91,0.8,2.9806186357439426,30.2241548173768,67.65529697161423,10.6065381370063,3.734318308167069,58.21810899011892,64.29205318579262,16.8349172754134,101.878386389979
2019-08-01,99.6369270585615,98.416171827758,98.6391912727114,100.284723200316,98.6416660633979,100.767834800005,102.92418089635,3457.64573488284,3.48331032122352,101.664962102328,35734.2925938427,43.9983871826702,54.0425246948639,99.0,98.7,4.64461828114279,104.011476427332,4.60264712074402,19616279.1354415,17.4923013818719,101.890727557288,100.801777643902,25.2845088578266,61.4943497324721,100.377494861316,100.868295057723,4.62209211577718,100.962332594906,4.5408512798483,90.5260171341639,93.2457904863182,4.64539452949324,4.56717897221805,4.47991153869964,4.60017078015359,4.60264712074704,102.409087165451,104.392746296918,103.337823290878,8.0,7.95927647130666,2.06649535900252,2.05310955780615,2.06698178040885,15.3633727096072,15.363382981162,13.6833173169956,14.8002918158041,14.2215182893164,10.6519397488652,22.211870495395,22.9338478063505,23.0823266992509,23.283995723447,3.00493612811655,8.2625,7.12,7.33,,3.8,0.5,2.987700101856727,30.1814314488761,67.65529697161423,10.6509490909221,3.734318308167069,58.21810899011892,64.29205318579262,16.8337238831296,102.364183947425
2019-09-01,100.064246015452,101.411894703083,98.5590282392838,100.887116973904,98.558899549957,101.584161524157,102.266970281891,3336.84852287071,3.51838073145751,100.951316536937,34193.5117658628,45.6139752228471,52.9158738162843,98.7,98.9,4.64728862913237,104.319118634823,4.6065075619417,19544611.0395582,17.4636385203707,101.818860632668,101.137987134746,25.3197949986893,62.0886789439187,101.238925555516,100.546548575365,4.62043470315983,100.974297376848,4.53592496419683,85.6269234350595,91.1948046756506,4.65689971380317,4.60454972623107,4.53676757895879,4.60583861568075,4.60650756194337,101.970757191616,104.359566986111,103.294033263451,7.75,7.75433405747025,2.04175317840483,2.02516656655696,2.02286197806386,15.3599991552426,15.3600093056527,13.6889785214767,14.78876120463,14.2271033451924,10.6794843877294,22.2082743246453,22.93203786324,23.0798776467735,23.2803322255839,2.97215747913205,8.04,7.01,6.84,7.08,3.78,0.46,2.9831534913471307,30.1794117612945,67.65529697161423,10.6795365931543,3.734318308167069,58.21810899011892,64.29205318579262,16.8367041043785,102.190439898641
2019-10-01,99.0406185607331,100.954714646156,96.5178696221205,100.298123847202,96.5186591040561,101.511563179436,101.910937026894,3483.24339629642,3.61654470471709,100.561275722291,33718.6564897634,44.0051770009566,53.0046860743187,97.5,98.5,4.65102455311676,104.623545443831,4.60576597816784,19169183.5627268,17.423234226598,100.848442978514,96.5315515202305,24.8259018564317,63.0917128937922,102.14763849595,100.563207010795,4.61876167419292,100.776757749004,4.50889712128248,81.8845822207417,86.5147892296197,4.64200047902411,4.55149612812952,4.53834366126607,4.60182509388216,4.60576597817168,102.003558119058,104.455819863481,103.578198116306,7.75,7.66180295693074,2.01803819021046,2.00785901733259,1.97582879433534,15.3555560164599,15.3555818346426,13.6971691036997,14.7764174192267,14.2308264150192,10.6974435220161,22.2062148954077,22.9280825788715,23.0825412878506,23.2871709925406,2.95004825953321,7.9705,6.68,6.67,6.87,3.69,0.2,2.9806186357439426,30.2414451708747,67.11938870314114,10.6974687588257,3.374073450861238,58.42331188196091,64.55195685137342,16.8379912413289,101.439777179987
2019-11-01,99.2395320237379,98.5989190383525,96.9156534876284,100.616351172878,96.9173802992395,101.658208306099,102.694149412559,3385.8958002903,3.53053673836288,100.307937411416,33758.9487506676,43.9597290514415,53.3455798020161,97.6,98.7,4.65515207762728,104.987166920513,4.6055880901181,19073177.0542237,17.4543680525081,101.58803899658,98.7858146963349,25.2022147500167,61.2187348310622,102.494135552036,100.787508950775,4.62059983805355,100.783079333867,4.51506160917448,85.6162471396052,89.2451850776422,4.62265776716646,4.53204645648898,4.540428477234,4.603729536705,4.60558809012286,102.190875929258,104.720897246384,103.993076223029,7.5,7.43192829742494,2.00266784668948,1.99067493216368,1.95730304692816,15.3639716394465,15.3640113811308,13.7066022263439,14.787270115169,14.2325098121547,10.6877319877889,22.2266167963712,22.9340918749815,23.0895792812544,23.2866006953296,2.94923331935225,7.7812,6.62,6.99,,3.53,0.0,2.969388298214389,30.1935551548629,67.11938870314114,10.6877019529063,3.374073450861238,58.42331188196091,64.55195685137342,16.8380928150326,101.674938337729
2019-12-01,99.0528237404673,100.145544289411,96.137864934913,100.565579896542,96.138207505641,101.128414241937,103.327191529538,3319.89082839269,3.19094949814036,99.3440465780904,33501.8402746783,43.2123093847722,52.8259249957862,97.5,99.1,4.65982602209111,105.324363471512,4.60690996602993,18331705.3777367,17.448851931551,101.719531962483,96.9979198554331,24.6643159163519,62.7614606639587,102.473772273259,100.782392695723,4.62285115642133,100.765848302985,4.47535673446856,84.3525435969462,88.6500182881692,4.63083770919012,4.61989698249246,4.53328286856231,4.60739190039726,4.60690996603542,102.504493469963,104.459994694108,103.601872757507,7.25,7.16313864725849,1.96797500116692,1.95573183769451,1.94068579667434,15.3579454454545,15.3579941643432,13.7121048905707,14.77180091391,14.2325188178142,10.6716543988935,22.2305918963896,22.9397832229704,23.0902832931646,23.2945163656423,2.94187268538569,7.5555,6.76,6.8,7.14,3.46,0.0,2.970414465569701,30.1946309804004,67.11938870314114,10.671832750887,3.374073450861238,58.42331188196091,64.55195685137342,16.8393815722653,101.467491598072
2020-01-01,99.8895565297677,101.172553005572,97.3338451546219,101.203333718458,97.3346569831126,101.535539797574,102.529089979852,3248.00210058362,3.64819995366593,100.012066647889,34077.8197884694,43.77796446942,53.4294921938046,97.9,99.1,4.66297777299152,105.66236216129,4.60765905716244,17675061.875758,17.4187061297721,100.688737257644,98.5347869917645,24.9282472873282,62.8099766990055,101.639605873805,101.041757882408,4.62625677980407,100.585041643567,4.47105587532143,87.4988371898872,87.6603983834292,4.63112439625903,4.55911093391353,4.50432744865117,4.60545570124626,4.60765905715486,103.06953078602,103.702178819415,103.085393126793,7.25,6.97653446723882,1.94578970433642,1.93799805264569,1.92296873434195,15.3670881401662,15.3671852143665,13.7189458100759,14.7866032775393,14.3201005915687,10.6737420890286,22.2321971226875,22.947309928302,23.0939842014988,23.2998406198801,2.94721970819255,7.5002,6.8,6.77,6.85,3.38,1.0,2.9785861147190205,30.2294151965114,66.38848534974771,10.6737481888182,3.4315849029606564,57.86389958319269,65.19844637834883,16.8398250436005,101.355866472284
2020-02-01,99.1576653238819,96.8809574796697,96.7546678722486,100.565139763445,96.7631769637045,101.444800253167,101.001020370928,3118.96039922918,3.56890124377237,100.653560985549,34411.5205606262,43.8333432033046,52.6302964831247,96.5,97.7,4.66745175430564,105.92930143789,4.60910179111707,17613765.0941408,17.4272038855013,101.36663946419,97.9285492255543,24.9725783111872,61.7950260722809,101.280431799263,100.884076019543,4.62706313837093,100.470847419713,4.45566059109851,89.0156541145764,88.0124878337553,4.61717765953016,4.42609595033538,4.55468695213592,4.60115007269141,4.60910179111179,103.369267185407,102.378769251663,101.873175103266,7.0,6.79380703428044,1.916594515955,1.89644665050524,1.88315594093536,15.3745976764959,15.374788084042,13.726743564202,14.7963355188001,14.2952064319838,10.6238998936482,22.2477836082881,22.9614883359395,23.1101325289635,23.3135889821019,2.97679665580042,7.295,6.55,6.47,6.47,3.44,0.9,2.970414465569701,30.2018554921301,66.38848534974771,10.624056277522,3.4315849029606564,57.86389958319269,65.19844637834883,16.841791513167,101.668623433928
2020-03-01,95.6236951203584,104.22375468208,93.5237584187739,96.3041613687322,93.5216681575845,95.6552388120343,98.4316937419231,2692.15507471794,3.32058157530195,98.117676374044,33108.0517141149,42.3285600429867,45.5703721053333,93.9,92.6,4.66658473028511,106.202746963577,4.62845532582251,17208142.5270283,17.4108517034232,100.373198988917,92.5529969681205,24.9310084089997,62.7919858832118,100.298523443747,100.969399359017,4.62793914744034,99.8616639448779,4.42896787594717,87.7363013807022,86.3266918206199,4.69473385648543,4.37323917588259,4.5872145874819,4.61688238917724,4.62845532581945,103.59650816623,101.481017621916,101.616586469378,6.5,6.28173454828372,1.84759031140502,1.82254548289764,1.8877554733727,15.4345834683583,15.4344361814702,13.7321092900724,14.8982455063586,14.3487263294136,10.4457634213608,22.3047280298916,22.9993567850675,23.1399725840699,23.3239229147112,3.16339028555229,6.74,6.27,7.5,,3.34,-3.5,3.08876713952118,30.2657677060036,66.38848534974771,10.4460884052331,3.4315849029606564,57.86389958319269,65.19844637834883,16.8345166762905,97.6241576862004
2020-04-01,77.621436606232,100.792656239188,69.9003871381292,80.6318476806693,69.8978043869895,78.4608305497891,78.2044623043104,2543.21793388447,4.67831329520392,74.2453770802784,19829.5387437208,32.0789379875981,39.2848087492759,73.3,76.3,4.66059411383667,106.548061748994,4.64837312755415,14420168.8798996,17.3390920308607,99.04783390084,63.7222000040156,23.4113672222027,63.1250802467392,97.425578862687,100.027570537872,4.57300994099781,97.1568579526628,4.23494593317556,89.943885554692,79.860945420543,4.80747725031128,4.29697058756514,4.58175840270302,4.63118782547494,4.64837312755481,103.88940530791,97.2691888348422,100.336861483542,6.0,5.85355610815312,1.76188154539909,1.72289559706325,1.75842226536184,15.443987351614,15.4439068192372,13.738491096028,14.9201818876689,14.2793325625571,10.4972096482214,22.3558142610469,23.0382395171963,23.175023082224,23.3508806126556,3.17651995055124,6.256,5.35,6.1,7.37,3.73,-7.1,3.1376657694426577,30.2921145565979,68.5235238631243,10.4974276060549,4.8187438255447805,,51.868946493954645,16.8081740044838,84.8368283381235
2020-05-01,76.1430776416661,99.333679364347,69.7609595658415,78.5584112833412,69.7606403545074,77.1512306205988,78.3518848428969,2308.17769670173,4.27939574253363,77.6763176896449,15379.8631700362,31.1588847346697,42.0533300842509,71.7,79.2,4.66931857216414,106.934281989473,4.64179700976644,13480036.9879824,17.2296732608213,99.074281736269,64.5498562833977,23.5045697204284,63.4767145804795,96.5392446752212,99.7369575612829,4.57479977137643,96.2635260757859,4.1557203976512,79.5989732949238,71.2487470870231,4.79597237690293,4.3764145755852,4.56121009433024,4.62756132795216,4.64179700976645,104.010371736936,92.4678252636639,96.1480269391906,5.5,5.45318928676059,1.67163003198118,1.64770886582941,1.62511255952994,15.4245917894132,15.4245155393859,13.7453950151148,14.8893139442625,14.2577120911795,10.4933717519714,22.3661665197826,23.0347018039433,23.1770302222265,23.3507894330172,3.10060539301247,5.7441,5.18,5.08,6.06,3.58,-7.99,3.1363634032937364,30.1630138734437,68.5235238631243,10.4935983193979,4.8187438255447805,,51.868946493954645,16.791754764081,85.8684934339578
2020-06-01,85.1646569437701,98.8269960471061,84.8674874711372,84.8066423557034,84.8678231222853,83.4890610993361,85.4926359123848,2584.04301143666,5.44617696975973,90.5153922768576,28548.9490264082,31.7061418320361,52.121449308337,79.5,88.6,4.6742553429002,107.290560774413,4.63595065574171,14233674.3100718,17.2525585465804,99.3765685911555,87.0409661538257,23.5623340337269,63.0590149018769,95.7460624259257,99.4572624401578,4.57854325649582,96.2656620679373,4.19572845202194,77.8643258620183,73.6936691243025,4.78179345225086,4.46119841916889,4.5675646087032,4.62618647841904,4.63595065574048,104.055159326062,94.7751664011248,98.6133603701094,5.0,4.79831743869275,1.58989535236224,1.56862262019939,1.55002205715357,15.4133065014018,15.413261024529,13.7519958869131,14.8737332592381,14.2493118836764,10.5391938923297,22.3696750850033,23.0356700872236,23.1771859203018,23.3512886163145,3.14291005846676,5.2887,4.75,5.33,5.81,3.6,-8.8,3.12060125559986,30.2294896392539,68.5235238631243,10.539335640042,4.8187438255447805,,51.868946493954645,16.7901160428279,91.4908148281206
2020-07-01,89.5098820938479,107.67935175695,88.6461409319154,89.1361638587304,88.6449622029803,87.2339974577911,91.3322176936977,2573.6198042359,5.01289480395848,93.6042412014387,31629.3573746654,34.3264538687941,51.9560067306314,83.2,89.8,4.67901178780478,107.704577247967,4.64643030401029,14605288.7386057,17.2680003553056,101.226951687566,92.2700463548407,24.6424789915868,63.3343522317922,95.0161344857525,99.476264675312,4.58254686381812,96.3697865852045,4.23056106310794,76.9349379083685,73.722640808819,4.84239914911922,4.54701751952625,4.58360067005501,4.63783723997014,4.64643030400986,103.654920994387,96.768344452516,100.160531409737,5.0,4.69067352809204,1.52201091997825,1.52917661697097,1.52138035160901,15.3989103708161,15.3988294580688,13.7595287304121,14.8568465607315,14.2448920910729,10.514870450594,22.3847200181165,23.0447906935397,23.187435287177,23.3590136900877,3.11684847040122,5.195,4.63,4.82,,3.55,-9.9,3.120159851929043,30.2725355817543,65.57607280951675,10.5149767808334,5.153977398291574,52.74136498902936,65.70515749306647,16.7904585976469,94.9281570703672
2020-08-01,92.1410069164998,101.958686978552,92.001987935414,91.6713675414777,92.0030231944704,89.1832541885228,94.8194470786126,2627.93028272858,4.90241532936697,95.5286677721235,34170.3418304283,35.3538796375292,52.7264461387486,85.8,92.2,4.68370556485736,108.101704321334,4.65435664904146,14437554.0770716,17.2727790792798,102.209624384812,93.8850802587323,25.7674033241322,59.9210066005541,93.9299781657558,99.4616470814862,4.5831264295349,96.5789216747194,4.21557058339198,77.0190669580787,73.7095990501361,4.90289893917792,4.63738937837209,4.59499126738378,4.64823006378542,4.65435664904335,103.553988810579,97.5751558033425,100.941157463845,4.5,4.61492848899047,1.50576487581014,1.51257581856167,1.50915175781934,15.3901307797777,15.3901386551178,13.765758521653,14.8409676420311,14.2499252060085,10.5184622801173,22.3897424895925,23.0464419530034,23.1912716164926,23.3638206103605,3.08968515242264,4.769,4.67,4.85,5.77,3.56,-9.9,3.1179499062782403,30.2013788910911,65.57607280951675,10.5165322278706,5.153977398291574,52.74136498902936,65.70515749306647,16.7921341123449,95.6856256961183
2020-09-01,94.607500681762,105.473560737862,94.2513997788051,94.1888421403924,94.2523062676733,92.8156870823529,96.7708630345019,2729.93481513036,4.79210761888207,96.3606414069475,34081.4004728201,36.5419475043382,53.6542607556435,87.7,92.8,4.68598450955666,108.461403623739,4.65084966538879,14378216.3259269,17.2762329881746,101.427975293113,99.1886555667687,25.7757456953045,60.7839600750154,95.2508890029787,99.5483428397547,4.58390293729104,96.7532450932306,4.20888592367486,77.2592198082549,73.2775163281695,4.87696217063684,4.57966211790082,4.5995965520553,4.64311074505728,4.65084966538983,103.448135153261,98.3084976627463,101.540593186627,4.25,4.32391138485165,1.46006348575232,1.46796015085939,1.48696286679698,15.3810508971472,15.381086779157,13.7729035253748,14.8236419283587,14.254252872454,10.5533188038632,22.3953350293067,23.0450208342961,23.1934184927368,23.3640865198946,3.0837775982317,4.5495,4.56,5.22,5.68,3.6,-9.8,3.091042453358316,30.298314151821,65.57607280951675,10.5534466558823,5.153977398291574,52.74136498902936,65.70515749306647,16.7937359603003,95.8379924431118
2020-10-01,95.6252555057977,106.228099112259,95.4972865864993,95.1639961568928,95.5002586696808,93.6838057528949,96.2345674269611,2730.75095612949,4.59159760400004,97.7192996396828,36324.42917727,37.8654768360185,53.9082268207942,88.2,94.2,4.69073744431214,108.77492057452,4.65278890947206,14781021.7232872,17.3070625516167,104.112994917986,100.15207266433,25.6204916905303,61.4007548779827,95.329988583985,99.4047418001891,4.58511505656205,97.1676957140786,4.22309204878573,78.3135791285181,73.8680281213513,4.85403032671769,4.582060985199,4.61761891182046,4.6450711542428,4.65278890947364,103.744426574792,100.058193040951,102.858131933312,4.25,4.25936550083635,1.45130130436389,1.4514699916367,1.47579549819589,15.3674468904068,15.36747048568,13.7818307522069,14.7983088220194,14.2632286149051,10.5407129489875,22.4119920299679,23.0464764499948,23.2006273293143,23.3693222390429,3.05013217535878,4.5155,4.48,5.25,,3.67,-9.31,3.076851324838783,30.3265295995413,65.69770225811153,10.5408893897251,4.544856526389025,54.97103169987786,65.5587332529542,16.7975035873686,96.810248666494
2020-11-01,96.3609362760785,100.169673158965,95.8799937736733,96.3302979580527,95.8797897922674,94.9948677265657,98.2482986862343,2963.78789372317,4.51166526518292,97.4413561634211,35090.853278439,37.2414546206067,52.9536325883484,89.3,95.9,4.68869073631076,108.859213638357,4.64988454668079,15423774.0329106,17.2889578576369,103.476779089307,99.3710900605023,25.6498831607939,60.9983348169378,94.7988736998912,99.2081104574446,4.58555216166679,97.0580692692849,4.26604509732665,69.360092404834,72.4478065051713,4.83497124818102,4.54997422911236,4.60553840450152,4.64293981492894,4.64988454668256,104.029830337468,100.830721400117,104.109633739379,4.25,4.27411308908478,1.45705331924519,1.45777298982967,1.45665848099748,15.3504334315082,15.3504598890883,13.7875455625963,14.7702661550266,14.2723367272806,10.6571955046072,22.4040345160495,23.0385785659563,23.1986576967501,23.3782592268838,2.98044299050772,4.4855,4.61,5.06,6.07,3.71,-9.0,3.0204248861443626,30.2920670963719,65.69770225811153,10.6572112700927,4.544856526389025,54.97103169987786,65.5587332529542,16.8015053909075,96.8174773951576
2020-12-01,96.0563463654427,98.1014198683806,95.4047977048341,96.3512305149875,95.4060628368695,95.321162296912,98.3349197472231,3028.54215431652,4.1610354441565,98.1833919942052,36185.1443368705,38.2878829778297,53.399389144404,89.1,97.1,4.69200286304811,109.356504427439,4.64861108433854,15520549.0554923,17.2910632595526,102.540696800415,100.780117656811,25.4370966631784,61.2308341502306,94.6284303881454,99.6325215761285,4.58540250933736,97.3563137922524,4.27051151072396,65.3910355897208,71.3156841031089,4.838186554948,4.64380647783333,4.60853260640923,4.64496371622206,4.64861108433954,104.501705028609,100.881387283404,103.534308367837,4.25,4.12264143407735,1.44195042379258,1.45171340504373,1.4385563479069,15.3386521723327,15.338687424922,13.7948305908669,14.7477057018452,14.2771950849724,10.6737670272244,22.4146689476323,23.0458974145422,23.2067383571012,23.3817803533103,2.99937493221924,4.4842,4.4,4.73,5.67,,-9.0,2.995732273553991,30.3641745210154,65.69770225811153,10.6740920236891,4.544856526389025,54.97103169987786,65.5587332529542,16.8070612897086,98.2026479814667
2021-01-01,96.1000820830586,103.617379927828,94.6430977871962,96.4144067917867,94.6435299530626,95.7284748871567,100.168511845701,3158.66360247085,4.53567821311657,98.2363220730698,36033.2290579471,38.8314428360042,50.1552947718724,88.2,97.6,4.69866783816548,109.715420585234,4.65995097475922,15328759.8620619,17.3033065587692,103.592480387308,99.9504051820625,25.664793405023,61.1392565988541,95.0182398556833,100.431032867931,4.5865104232803,97.8766570356643,4.24758561609469,72.7314582243841,72.292675846204,4.85404112129959,4.70399502970916,4.61420782083812,4.65822175739858,4.65995097475784,105.002255938779,100.270963303163,102.415091875257,4.25,4.10897075478959,1.42568106304448,1.43117819007429,1.43195046961818,15.3459153196798,15.3459949750455,13.8017734783302,14.7628081694205,14.2845092230618,10.6461775439892,22.4370365594039,23.0682914710018,23.2255469921937,23.3956551511344,3.01521979635558,4.452,4.31,4.75,5.61,3.53,3.5,3.005682604407159,30.2494112347666,64.94935964399575,10.6462341721739,4.354711940476879,54.64492999335502,65.75047566442473,16.8064560018557,99.2769186772456
2021-02-01,95.8359220066866,100.760078303902,93.6486199305306,96.4882222471786,93.6441866131865,95.9912582787275,102.450256676979,3247.86018334414,4.434664674541,98.7628286560356,33910.3157818059,38.9732979377633,53.7894483043736,89.1,98.8,4.70501423206635,110.030523063866,4.66692309440441,15443215.3629859,17.3615300178814,102.756124630571,96.873507329613,26.4510636135994,60.9831970847798,94.8278285394483,100.4103097755,4.59048991314768,97.935762942789,4.23305094664006,78.5460933828592,75.3218162256175,4.87979837198543,4.77096216014054,4.62635836949812,4.66694839755077,4.66692309440353,105.383339740641,99.3527688777806,101.517600558282,4.0,3.90944695618145,1.38766369510545,1.39573345527048,1.40022631776305,15.3463070647116,15.3465107919019,13.8077333209704,14.7635932463626,14.2796780663808,10.6941445468437,22.4402632489371,23.0641002117214,23.2314586163018,23.3937035500572,3.03558560035864,4.2825,4.12,4.85,,3.36,3.67,3.0106208860477417,30.3261098578221,64.94935964399575,10.6943793786122,4.354711940476879,54.64492999335502,65.75047566442473,16.8081559585833,95.8577936745083
2021-03-01,97.3681648670157,100.903116683901,95.7677230853785,98.0984386538186,95.7648911405881,98.1265356698214,106.267047363102,3355.5087026538,4.4656622414795,99.7973399950141,35322.9746942278,40.734404878237,54.0882713636512,90.3,99.5,4.7123916692122,110.582394411989,4.67541609142227,15892635.5198544,17.4192248254594,103.882855280827,102.431002923354,25.1000649387173,60.8947162802588,95.0772024617463,101.000007868609,4.5971087776868,98.3765533290554,4.25420634381296,85.9148693148293,78.9497611103549,4.90439664939793,4.81172213271401,4.63427274309921,4.67668139198345,4.6754160914224,105.644620346201,100.847479769197,102.418571074822,4.0,3.95914315151547,1.41739790490913,1.45901024678637,1.54698358445087,15.3415439453177,15.3413921000723,13.8141200928939,14.7538354824939,14.3633220960094,10.7508874105115,22.4601380758742,23.0748612438984,23.242241622674,23.3960014244854,3.02327122340377,4.2875,4.9,5.5,6.25,3.17,4.5,3.0204248861443626,30.3601511567605,64.94935964399575,10.7513594568833,4.354711940476879,54.64492999335502,65.75047566442473,16.8116502517772,98.5295703225506
2021-04-01,97.2035743619623,102.153194527955,95.6117274617846,97.7742489184274,95.6100917905127,98.2126034261634,105.000874245175,3179.08825249624,4.67393896272745,99.5621110075611,35564.6070403029,42.2400260338278,52.7795742261097,90.4,100.1,4.71916031465912,110.937745104194,4.67905106287032,16107842.1914355,17.4279216487529,100.929583426366,99.482114162463,25.1602607671289,62.0000184942785,94.5526154337207,101.196213779428,4.5959105212119,98.4596348871666,4.25530246580294,83.1653359959447,79.5811379319631,4.89327386125599,4.80218594676872,4.64654760047462,4.67977949847494,4.679051062873,106.190455422327,98.8914727269528,100.643594502903,4.0,4.06355734848206,1.4283916904462,1.48286270946303,1.54207667068098,15.3403326783095,15.3402615249283,13.8221624446023,14.7482492484402,14.287226059541,10.7699291283649,22.4643870764932,23.0773618498211,23.2480024156241,23.4007519953805,3.00489616129255,4.283,5.5,5.75,6.68,3.27,4.8,3.017982882488811,30.3412437734699,68.17406300594622,10.7702748476652,4.205963995372566,56.564803206462734,65.41535189379066,16.8155005972895,98.8125239264576
2021-05-01,97.2242046371558,105.029784097432,95.1038917469128,98.1513981507217,95.1040676610887,98.4615456575422,105.664882024006,3292.42371208094,4.07552399771785,99.5774494729227,36067.2109111915,42.6476178996281,53.9690503075322,90.8,100.6,4.72595885628299,111.607907874005,4.68499744247156,15507734.7122598,17.3900087450821,103.563571146537,98.2849680377146,25.0085116159175,62.3344192783329,94.2149337795707,101.737207284748,4.59153897973618,98.320846743645,4.19249880443772,82.2116211638418,75.2373851852935,4.91319500813444,4.83352501380138,4.65933363807869,4.68664856402511,4.6849974424722,106.39347587319,99.3136393742576,101.086858074595,4.0,4.14233891309625,1.43904882390765,1.51513173405773,1.59354767685697,15.3371037164162,15.3370404969877,13.8298943725126,14.7353135137542,14.3018431133906,10.8321235665838,22.4697997685607,23.078541321787,23.2513775318865,23.4036596375569,2.9999425529361,4.284,5.76,6.02,,3.17,5.15,3.0204248861443626,30.3369222969692,68.17406300594622,10.832503482083,4.205963995372566,56.564803206462734,65.41535189379066,16.8182660508427,99.2950126931785
2021-06-01,97.0534497200393,108.646461204783,94.9108847558523,97.8680496392321,94.909498475192,98.7387210412702,105.356961402777,3215.642990832,3.9822224677609,100.073094200405,35820.7994330625,43.9135194223798,54.2164384351701,91.1,100.6,4.73081313107741,112.19791269272,4.69209802218424,15259682.6105373,17.3478343075315,100.274774154532,99.2029487971851,24.3338634192606,62.0970898476348,94.3923366722097,101.917077059028,4.5957868515197,98.6444379543009,4.13842536213807,74.9919128872384,72.3118304892037,4.91768512257542,4.81921711458725,4.66490617917789,4.6941692073495,4.69209802218113,107.276423146285,99.8198525483717,101.347361628151,4.25,4.32700535145987,1.49495177171906,1.57827784499494,1.704566049614,15.339777332698,15.3397481212737,13.8376200740994,14.7354675055166,14.3068941765423,10.8320170512634,22.4773338445308,23.0849091678095,23.2538143971976,23.4025845484037,2.99521353321397,4.5292,6.0,5.94,6.54,3.4,5.8,3.013080911888604,30.3994056952731,68.17406300594622,10.8323838678057,4.205963995372566,56.564803206462734,65.41535189379066,16.8241674678218,99.6979701901623
2021-07-01,96.7934045593987,106.546792494762,95.1376771710338,97.427129507732,95.1393760021222,99.1314486981112,105.60997921253,3409.79939719976,4.08897337549103,100.333396950908,35990.287840315,44.2419071400148,53.3874322423028,92.0,100.9,4.73511895830983,112.717965580938,4.69750356411651,15759327.5433762,17.4045913290467,104.202226393958,99.1385320714789,25.0515656471626,61.9452525065669,88.6069689493721,104.302349979016,4.60668110508703,99.1054019540426,4.16834020748032,79.1401152930461,74.144558895317,4.92139706515687,4.84004796074771,4.67356037599006,4.69957722656283,4.69750356411403,107.006748003477,102.499566172682,103.065689498822,4.25,4.42367153560546,1.58225705034892,1.63506259349746,1.71994666962786,15.3487579646199,15.3486820754321,13.8466505592,14.7451892279794,14.3171151996354,10.8377326513049,22.4956124615432,23.0931794250896,23.2685508766429,23.4112246850957,2.99842588475434,4.5142,6.17,6.51,6.9,3.44,6.1,3.0145540277945786,30.3920080242383,67.67811644794773,10.8380515744051,4.238251148918442,56.907008780241576,64.93689133381677,16.8305899362385,100.094072900316
2021-08-01,96.0038866086958,103.156200183009,95.4689946820196,95.8264786374372,95.4693091769251,98.4662827525005,106.393067974203,3331.00978353092,4.00036230926378,100.388636783037,35217.2652251826,42.9612427934607,52.8683144474654,92.0,101.9,4.73785728850824,113.263912721497,4.70504853452492,16115639.9702927,17.4386588916534,103.987173761715,98.963181755387,24.0328875922829,63.5480232996252,85.308079369483,107.075170651138,4.61713208801165,99.0999086278476,4.18294276239204,81.3782072940608,75.0287626612067,4.91012320736261,4.86024412124844,4.69835013702891,4.70824997390746,4.70504853452479,107.316557945422,100.827920581966,101.73029990182,4.5,4.51790987293171,1.56453574979142,1.62580630120604,1.68600563129408,15.3500367602791,15.3500286170083,13.8551067444942,14.7447517964875,14.3271874292421,10.8995895430764,22.5006911798847,23.1020275216858,23.2760318093113,23.4180466065812,3.00231385666228,4.751,6.19,6.5,6.98,3.6,6.18,3.013572191682322,30.3619126039587,67.67811644794773,10.8956743831386,4.238251148918442,56.907008780241576,64.93689133381677,16.8337951106353,99.7963982072367
2021-09-01,95.8102461811822,100.406046729075,94.49366498465,96.1992861497522,94.4961994421217,99.1623735140412,107.150159327132,3423.50119540065,3.91899899449386,100.433424272111,36090.9757423952,43.6858465801943,53.0020769144861,92.3,102.0,4.74383544791816,113.815109970406,4.70930420187359,16065675.0187272,17.4549041244315,104.812996541946,97.7236186284405,24.9151975674099,62.3518542868633,83.4839209805056,107.945722269533,4.6169604682416,99.1820773962525,4.17263420911601,84.7227240306364,75.22732514047,4.91396935639512,4.85809284615239,4.71022331081357,4.71230046039209,4.70930420187245,107.437694219776,101.66334653268,102.464041447723,4.5,4.83563685025981,1.64060047262557,1.69656052076516,1.76406178111975,15.3572037173177,15.3572738812626,13.8638179357805,14.7486631704127,14.3309296765342,10.8786317851028,22.5135567617868,23.1072934250257,23.2833945642607,23.4235226898126,3.0084375559729,4.749,6.22,7.11,,3.63,6.2,3.0106208860477417,30.4140792499397,67.67811644794773,10.8790816364043,4.238251148918442,56.907008780241576,64.93689133381677,16.8379930092225,98.7409690766524
2021-10-01,96.460301185436,101.218845817691,95.464989392512,96.7155657538834,95.4669582898395,99.7795928166451,107.518804766707,3479.78339547895,3.8532919107643,100.521909237606,36096.4773893974,43.8486374207218,53.4926703173897,93.0,101.7,4.7510982202035,114.427810889067,4.72086236660053,16960202.6654118,17.4603897123763,105.340817256636,100.147279655265,24.6442972095778,62.4415742066759,81.8598963593047,108.079807250122,4.61929107122501,98.9747068638626,4.21582213990402,82.1305060327625,74.7834615618225,4.96957560207093,4.93338051693228,4.71771215778552,4.72613436870868,4.72086236659919,107.618040820355,102.191717512969,103.179277617351,4.75,4.96704211783738,1.68634692968924,1.74755269668994,1.83898035262456,15.3638040495656,15.3638307384161,13.8734465764758,14.7563632013128,14.3344180968807,10.8680401082014,22.5195681135339,23.1180140423047,23.2951022160451,23.4329436769561,3.01547760728729,4.9962,6.68,7.43,7.61,3.74,6.0,3.0170044088295307,30.3724773756949,69.08205485243724,10.8685601327625,3.6598304616062345,57.48244248995008,64.88182172962172,16.8400480882194,100.314529574007
2021-11-01,97.0734537490327,106.205725067546,95.9597700604746,97.1986990234383,95.9635093301212,100.111530417017,108.188299055982,3673.8975354049,3.80270619287682,101.375270035126,39629.993102171,46.1919819393141,53.3446032165765,93.8,101.9,4.76026014419465,115.051987316417,4.73104119349139,16112405.9403404,17.4649351361632,105.405303564498,101.796268741329,24.9122852369351,62.5940448493976,81.5546042309027,108.61356689679,4.62311735935099,99.2231744096954,4.16812799102811,86.3061448676476,74.6144803929982,4.99920280316733,4.9606244644483,4.73406956730151,4.73779673260574,4.73104119349065,108.291422472033,101.818490765027,102.795031370407,5.0,5.12037722694613,1.69852224497177,1.76265649012091,1.87570270355612,15.3745958748539,15.3746136996477,13.8813522734599,14.7682409319913,14.3372236336185,10.8248569751707,22.530093777046,23.1323665369714,23.3066790763412,23.4387116177348,3.04456370550696,5.2275,7.05,7.6,7.54,4.0,5.7,3.0373539482448106,30.4336464464696,69.08205485243724,10.8250281864286,3.6598304616062345,57.48244248995008,64.88182172962172,16.8447995959619,100.694816855395
2021-12-01,97.613012014655,104.792083022143,97.2075707987822,97.3949630336652,97.2083332510902,101.020254658818,108.684765478386,3688.66432050756,3.80534602619204,101.465967151182,39613.7624368892,44.3910389550869,53.3929080052735,94.3,102.3,4.76357219243262,115.861383550448,4.73835848882665,16826745.614895,17.4469621441033,106.719614451402,103.915794092563,25.1476946019515,62.1469272952652,80.9752732180675,108.941987507593,4.62809426624882,99.1374234494295,4.20146182618647,75.2127253385408,72.3420890347636,4.99041991338153,4.96068133334757,4.74674379980233,4.74426230117027,4.73835848882684,109.038141347704,102.870279129699,103.705388657701,5.5,5.34726844656105,1.75432580566119,1.8253706307006,1.92271146006987,15.382874725314,15.3828888313448,13.8928323379247,14.7738270685481,14.3451162729694,10.8598967934821,22.5365180571635,23.1393291316379,23.3137745937318,23.4419851130092,3.02508390446846,5.715,7.19,7.34,7.57,,5.6,3.044522437723423,30.5166601443008,69.08205485243724,10.8604318983138,3.6598304616062345,57.48244248995008,64.88182172962172,16.8490363155971,100.476186105429
2022-01-01,98.2327976709832,104.03572548798,98.42833509815,97.5238078901906,98.429733413864,101.334596831944,107.537251153192,3721.67936912327,3.57624026323414,102.057168090948,36819.0163576706,43.0908040391872,51.286282384786,95.1,103.2,4.76759266033526,116.508973452867,4.74388999479627,18452956.1586675,17.5410039653416,106.420552305783,104.507454547049,25.1071269123349,62.0704315140435,79.8167564127894,109.326248020985,4.61271800730585,98.9755207274088,4.29892264544614,87.5696088056166,78.9180716840059,4.98403072209391,5.00151064599451,4.75510395504234,4.75182721422439,4.74388999479787,109.833140210836,103.09603062528,104.126313530975,5.5,5.3445692485433,1.7861489456717,1.86241331202232,1.93032820150103,15.391068792808,15.3911047753087,13.9001587285716,14.7802605949213,14.35436160138,10.8249263637203,22.5551967745331,23.1405741790852,23.310488116571,23.4395694213439,3.03095471609498,5.734,7.61,7.69,,4.26,2.2,3.0596455992976437,30.4396744749681,67.96779841786277,10.8251004429897,3.453869596022155,56.71382786461089,65.43081816739537,16.8529186420291,100.620424538668
2022-02-01,98.6709432792352,98.8562213016227,98.3607456289779,98.5150525454771,98.3536140292282,101.995411795309,110.104163049638,3606.00146654304,3.80052214921974,102.16502866738,43343.7633041356,43.2069061616852,52.9164635671331,95.5,104.1,4.77558163280614,117.260768310963,4.75027665970218,19740271.028925,17.5456090927643,107.066801544474,105.088190565577,24.8868893898145,63.2710349921059,80.1044618513138,110.330505122522,4.61344376940745,99.3355875703321,4.34582639032335,82.821847442049,79.493357355332,4.99511930171293,5.06376300487415,4.76908412852814,4.76114680516905,4.75027665970551,110.573757238559,104.315671680138,105.107263944369,6.0,5.83648672214877,1.83318573876777,1.92061092804356,1.98535046017562,15.3950770953588,15.3952219508179,13.9089099641512,14.7816087038311,14.3398221396811,10.8731251490247,22.5709910809016,23.1523743551858,23.3228383462189,23.4483911144832,3.01221630179353,6.234,7.57,7.76,7.68,4.21,2.0,3.0610517396746335,30.4965441671244,67.96779841786277,10.873428247268,3.453869596022155,56.71382786461089,65.43081816739537,16.8571968707964,100.981258209052
2022-03-01,99.0854601260473,105.855005041242,99.2856430875885,98.6884190963789,99.2801909534705,102.92275299807,113.356986485399,3783.68205117229,3.4819744163019,102.675774170744,41361.7076670256,43.6500721160247,53.8183992188436,96.8,105.8,4.78450991412234,118.051109890977,4.75766779520545,21159182.5176954,17.5936668197801,105.628065738819,105.485388692344,25.2858386483621,62.3207567774782,80.4231168386336,110.906661568871,4.6114504228546,99.7445043806779,4.40690110978769,83.360800391014,82.0584522366476,4.99807449944552,5.14406704358294,4.77844878802585,4.77318073997667,4.75766779521018,110.885804299062,104.293357819137,104.433537350613,6.5,6.39742042074119,1.92868575572122,2.00268115747782,2.11581978581226,15.4083755026616,15.4082522338686,13.9191953934587,14.795923034805,14.4544439010234,10.9244212164701,22.5705036413794,23.1532444815398,23.3268080069195,23.4502768650231,2.99681380565641,6.7265,8.39,8.58,8.6,4.81,1.8,3.0591764461105257,30.5078615445576,67.96779841786277,10.9249338516245,3.453869596022155,56.71382786461089,65.43081816739537,16.8591355395671,101.461873957977
2022-04-01,99.6933951329408,104.731565208146,99.898662016171,99.3927179588664,99.8957311295663,102.855390106056,111.83293706595,3982.59578029328,3.06865493666371,102.354326175945,41845.5811285983,44.0351127806962,53.26946888601,97.2,105.9,4.79280458363859,118.920910244371,4.76461518443919,20709039.7401858,17.6058608541033,107.55448596038,105.448545762771,25.1043175739664,62.484827113802,79.6248999992538,110.909759529143,4.60578387735992,99.3529981089106,4.35846164024983,82.4024179097809,81.6331538784421,4.98788817265172,5.13243560497113,4.77999986644283,4.77931299974573,4.76461518444513,111.50859658667,105.726712328526,106.492285643617,6.5,6.67100168166682,1.99104560833419,2.07315810894627,2.17078757413151,15.4221440966673,15.422091787274,13.9293040159722,14.8106924006643,14.397814752107,10.8324547222371,22.5848705431907,23.1673819822209,23.3387027420649,23.4565720293563,3.01639131452476,6.7506,8.9,,8.86,4.93,1.72,3.0483247236731614,30.4556234107536,67.50104385916501,10.8328685094652,3.231872423159774,57.96498150830877,65.11063427552412,16.8613830727379,101.619277379419
2022-05-01,99.7637852968929,108.072105707349,99.674376462885,99.515670946052,99.6711202883444,103.407794059966,113.164744992432,4013.0554009632,3.32005872641699,103.369370494141,42103.1264790102,44.0377285492928,53.5304584286011,97.0,105.6,4.79946669359461,119.72393249293,4.77074130290302,21186186.8512447,17.5932382711884,106.382580155201,106.696837348916,25.0782201327362,62.899149560221,79.5060208705669,110.656218712837,4.61253069719597,99.5145424174257,4.35638554913244,77.9628631754145,79.0848648489841,4.98266723951708,5.15118670847658,4.78829971497023,4.78626114542623,4.77074130290514,112.045376234436,105.521916000761,106.153244667876,7.0,7.0753176033947,2.05296820790927,2.13813402462602,2.21858617149506,15.4343897552242,15.4343544436345,13.9379425363789,14.8239996478198,14.4029285568986,10.8441698756159,22.5868940299685,23.1718468371266,23.3434062221668,23.4616805914355,2.99333688212358,7.2225,8.84,9.12,8.87,4.82,1.8,3.044522437723423,30.536218013968,67.50104385916501,10.8446075129763,3.231872423159774,57.96498150830877,65.11063427552412,16.8620972632012,101.172944260776
2022-06-01,99.4715453873817,102.180388260885,99.1957701481667,99.614546531359,99.1941020506696,103.280860077008,113.506447855553,3979.77502140079,3.31409242317994,101.967470125564,42894.7913920808,42.7651573222294,53.2823819667538,97.1,104.9,4.80756091768539,120.626420621197,4.77745330053371,20617339.2696162,17.5656229206447,106.331019561871,102.89486507827,25.3485882418233,62.3356284088394,79.8046437934731,110.977253747853,4.60964136661115,99.380893331324,4.31275273720883,77.4845053764673,77.3479102458766,4.99666428768719,5.12527441525086,4.7994951773371,4.79236963465855,4.77745330052823,111.794222024628,105.255765803151,106.007519018024,7.75,7.62154049669518,2.12730142586878,2.19925015178966,2.27865767921052,15.4462155742694,15.4462301772621,13.9476221340401,14.834650304474,14.4048054601814,10.7793075564941,22.5933167364767,23.1790510491032,23.3507645994263,23.4670179890697,3.01086571076097,8.0245,9.41,9.08,9.22,4.94,1.8,3.0344721018699214,30.5627185659946,67.50104385916501,10.7797572221475,3.231872423159774,57.96498150830877,65.11063427552412,16.8672735102013,100.883749886007
2022-07-01,100.149859631367,101.598944059432,99.8274020163818,100.289176438573,99.8262768852912,102.937311813411,113.371730972099,4026.13755624393,3.19928275165694,102.434666204885,41637.1837712929,41.2647537814162,52.6723946084381,97.9,104.1,4.813572240776,121.358764498156,4.78463737434183,20570328.1230646,17.5694345059,106.781784325974,106.345374880378,25.0090287500563,62.64859356879,79.8786644422512,110.132670161084,4.60859068631719,99.0593370058069,4.30693665218007,74.6354022170405,76.1177766161451,4.94465566966937,5.06055376030563,4.8106333551345,4.79537825201757,4.78463737433414,112.306364652055,106.077356627127,106.857376632674,7.75,8.13063741405982,2.16351118090152,2.23568267325256,2.27208298111512,15.4584936276816,15.458425532263,13.9570975087417,14.8469881285071,14.4003507386139,10.7872735031009,22.5993900265279,23.1923598122011,23.3693328064308,23.4822759181477,3.01956916672857,8.075,,9.24,8.78,4.93,1.8,3.035914063186823,30.4918879146644,66.49243163705462,10.7876229951699,3.4297475552942407,57.88690241793367,64.48955710489757,16.8685525014776,100.975433404995
2022-08-01,100.523697947547,104.447880430967,100.273704563802,100.353906484939,100.276748476263,103.14682236182,115.170672157448,4170.13052739134,3.23932475209965,102.33605553858,42954.8426927258,40.7801112081824,52.6707958842874,98.2,103.5,4.82060330148164,122.4064333947,4.78917104929324,20378997.1569517,17.5548151754159,105.822040065032,107.442367265111,24.966630308935,62.9308337847117,79.2981705853307,110.508736508643,4.6092590954972,99.0869351043621,4.29208156650283,72.8366559239066,73.796761625817,4.97909896029553,5.02640304138828,4.8261967964248,4.79724228413161,4.78917104928972,112.681286400388,105.122872025059,106.112438473867,8.5,8.49094196291302,2.22204476243813,2.28364740489869,2.31034734107899,15.4667296271238,15.466702941736,13.9672265913626,14.8516919687954,14.399380373196,10.7342881631279,22.5979519521793,23.1957000256009,23.3682814147981,23.4818046595847,3.00476937266439,8.8163,8.78,8.53,9.1,4.98,1.9,3.0301337002713233,30.5951722437463,66.49243163705462,10.7293735188953,3.4297475552942407,57.88690241793367,64.48955710489757,16.8729502281008,100.909414494487
2022-09-01,100.695165512479,105.927618025098,99.8338540952925,100.911699018537,99.841871003685,104.010114996088,114.656365160998,4190.07759839409,3.11545042572558,102.031384672999,45997.0156875444,41.1289041518239,53.0363828614872,97.9,103.5,4.82685513401145,123.265456143486,4.79002168075427,20990493.8651885,17.5760683050102,107.238537397283,106.221372359612,24.8008972472091,62.4157614140435,79.2736550703431,110.757419149407,4.61178650542992,99.2904201946774,4.32148438134564,76.7969045482487,74.9687532712883,4.95050693841953,4.97778105598693,4.83823700407653,4.79590206184603,4.79002168074905,113.537169063563,105.856467912765,106.623536916384,9.25,9.38808302033138,2.27955924230204,2.34968671582305,2.41019016172556,15.4792300477972,15.4793358115355,13.9769008751029,14.86334450669,14.403901429704,10.7384108607954,22.6030191235643,23.2064352052307,23.3727519665808,23.4852783962347,2.98611146843598,9.02,9.62,9.49,,5.17,2.0,3.026261478588814,30.5576666445059,66.49243163705462,10.7389778133118,3.4297475552942407,57.88690241793367,64.48955710489757,16.876733987776,101.206436052256
2022-10-01,101.108451803984,103.948590307022,99.881304700476,101.526764517493,99.8915650126631,104.64208043725,115.674777613991,4258.22762726975,3.22931591415888,102.464976130763,43390.1176763479,41.3507640139661,54.1603812183962,98.3,103.8,4.83165189992426,124.078678305054,4.78927396627472,20719479.5209362,17.5696492195216,106.514320920308,107.859962514212,25.0195720144694,62.4417075065939,79.6744896111223,110.864321990983,4.61495939581137,99.3707947164767,4.30308857268892,74.2975102213617,74.6101271208667,4.88237044311396,4.93672462100878,4.85382289392353,4.79484331348547,4.78927396626998,113.930805688765,105.731098311484,106.275033160761,9.25,9.4405266180687,2.29619280207489,2.35307315028984,2.36346876253358,15.4895381880523,15.4895733219982,13.9853900089841,14.8717461686752,14.4076432717216,10.838069767706,22.6085637954379,23.2157887063343,23.3783528603625,23.4890959734845,2.97856165190036,9.594,10.33,9.98,9.52,5.46,2.1,3.0155349008501706,30.5180430912159,70.17214532371428,10.8388384159359,2.986265496099988,58.63325816771096,65.07451762147217,16.8801234790249,101.458829782399
2022-11-01,101.639451770706,114.017782643726,100.921459617436,101.338428542104,100.930210266397,104.14356781191,114.966608762919,4197.67927047334,2.93453186225423,102.481159799278,42988.0551481268,41.9433377330127,54.7039426109999,98.7,104.7,4.8356333769608,124.847879516276,4.78847680645992,19889448.9813683,17.6190244083003,106.84320084106,107.958804605886,24.7148813211005,62.8405169482384,79.069673868077,110.759769341594,4.61645474512364,99.2610457011254,4.28416243916692,91.6379039036981,78.8313078020213,4.88198818432335,4.91263505799916,4.84614431467291,4.79299402157239,4.78847680645724,114.560034146251,106.4115108144,107.316805862666,10.0,9.71825084101154,2.33068667567105,2.36864210063709,2.37825561493516,15.4969188427309,15.4969371846407,13.9950187225432,14.8760751630766,14.4153473212112,10.8646855399078,22.6078362757443,23.2197445175688,23.3845741516574,23.4965958476736,2.94494168092099,10.2875,9.73,9.39,9.75,5.21,2.8,2.995232148512309,30.5710905896144,70.17214532371428,10.8650193667943,2.986265496099988,58.63325816771096,65.07451762147217,16.8820201059659,100.90846046346
2022-12-01,102.467713240611,108.607477224796,102.354588546103,102.288042917631,102.363382649828,105.548137287904,116.287410582951,4358.66542362377,2.96318641065737,103.300885699426,42551.1880949988,42.833191363191,52.573961145572,99.5,104.3,4.83904754516305,125.545520959608,4.79060941736897,20284862.8884113,17.6120810038314,108.114618627682,108.927120211775,24.931398499892,62.5798172680307,79.3625771339896,110.574908328802,4.61229826570214,99.3141409497304,4.29457764834874,83.1888384268879,79.0604294552707,4.94237143707472,4.91641462745885,4.84993001818557,4.79376050212651,4.79060941736967,115.396931660836,108.173259290169,108.81718912923,10.5,9.93783236240275,2.35311408776232,2.37526015248309,2.38614262288775,15.5062215620203,15.5062156863766,14.0038199940216,14.8820142769459,14.4137038268907,10.7683226795749,22.6180631614946,23.2297428512525,23.3982513753224,23.5123896517537,2.96896851405032,10.7605,9.69,,8.94,,3.0,2.987700101856727,30.5733033704094,70.17214532371428,10.7689815011487,2.986265496099988,58.63325816771096,65.07451762147217,16.8850197873234,99.7537065130073
2023-01-01,102.513993758361,102.693900086509,101.840886315887,102.642957611415,101.842145617703,106.038474806829,116.654342970943,4330.19245892186,2.90661212651926,103.409099903617,46094.9546637204,44.3219610901544,52.0225594467807,99.7,104.8,4.8441521869104,126.338746693341,4.79785380287426,22087123.7356813,17.6702741053225,108.765507922953,108.156645829525,24.6432027462917,62.8020280306608,78.6272656696383,110.153729665715,4.6122925967783,99.0572476378701,4.40646140371947,90.0089971139251,82.8810705918036,4.95112733663629,4.86334711504852,4.85875806911887,4.79790814137079,4.7978538028795,114.069659800947,108.689436250359,109.764123131587,10.5,10.5952583043513,2.39598336012475,2.41564515761382,2.40745323952086,15.513937710345,15.5139157285661,14.0121416054594,14.8863752659599,14.4972069640895,10.887378470136,22.6114794431491,23.2352953037263,23.406307313507,23.5181385043339,2.93265158664773,10.8162,9.96,8.76,8.69,4.98,0.98,3.005682604407159,30.5928467637458,61.50811576346632,10.8876999080287,2.658013635304304,58.64020777107599,65.57511518729888,16.8873597403839,100.959766658261
2023-02-01,102.010666126708,106.507372645116,101.555776934465,101.917282383089,101.527062363284,105.157629050046,116.274822199203,4568.92960838124,2.81834911698528,101.996687828883,42355.3657988615,44.8284425590701,53.6525219273269,99.5,104.4,4.84915067269884,126.957460646552,4.79517782727219,21965813.3448945,17.6770391116417,108.540608949579,106.65070447197,25.3131858488331,63.083411286088,78.7520096470779,111.242202144347,4.61074507222364,99.0975412015062,4.37306997488277,92.4976082741535,83.8677121397986,4.89193852523166,4.80788025658102,4.87156868724207,4.79377076435731,4.79517782728026,115.071859704324,109.132702343381,110.212882891501,11.0,10.9462971694984,2.44095933985568,2.48244445252292,2.4904476898848,15.5211186486716,15.5211708653884,14.0205734646856,14.8898538053259,14.4560263902216,10.8592457476603,22.6114357294015,23.2346219060889,23.4078701368888,23.517622440187,2.90764849311735,11.2655,11.15,9.75,9.38,4.9,1.2,2.9856819377004897,30.5884451947123,61.50811576346632,10.8593936140992,2.658013635304304,58.64020777107599,65.57511518729888,16.8908655944756,100.717964474349
2023-03-01,101.663858021895,102.691029029716,101.489360110293,101.700316683112,101.474688219887,105.021563419742,115.637613885851,4606.58867034017,2.82615067368047,101.451822902479,43724.5709096652,44.5842987492231,51.9849369358927,99.4,104.5,4.85136963768688,127.566872938814,4.79483401978917,22345430.6923974,17.7306128012556,109.819610037358,107.313297279816,25.3244847739568,62.8524573193222,78.6480439582152,110.432223979974,4.61390464823844,98.8791626505079,4.39042475010682,100.098552705293,87.8032157379646,4.87962346832599,4.75799635142821,4.86654890228232,4.79126709657488,4.79483401980388,115.963307362579,109.648092941848,110.90948957789,11.25,11.2281246153013,2.44492689292604,2.46061950811812,2.45477080555818,15.53038039159,15.5302397540231,14.0294323991916,14.8968473253784,14.4827022914475,10.8759472893261,22.6176645129406,23.2426493245426,23.4200144503741,23.5319200071318,2.89990833051734,11.4274,10.57,9.77,,4.85,1.4,2.967332799032293,30.6240213772961,61.50811576346632,10.8764904926525,2.658013635304304,58.64020777107599,65.57511518729888,16.895841158793,101.017062868156
2023-04-01,102.575718388231,106.136761387058,102.1244178505,102.743857871299,102.115694926862,106.213745429362,117.355159095083,4776.93426188111,2.87453680475042,102.171931085288,43008.6735078235,44.4008842248619,53.8310777581632,99.6,104.8,4.85320907711136,128.021302586398,4.79463319436096,22077159.5509768,17.7679493636877,110.490545689006,109.03900123543,24.5375319033338,63.1018738571718,78.8877776448848,110.06629355004,4.61460680564405,98.903303320201,4.37730544477917,104.981707697897,91.9781486476863,4.88231299991229,4.77730636750265,4.84901124591292,4.79214708026575,4.79463319437746,116.856332279077,110.475024256051,111.591465241958,11.25,11.2524726544855,2.45688546852053,2.46651895033955,2.46271596584285,15.5383771982207,15.5383695803731,14.0368606994223,14.9017345455343,14.4883657503635,10.8971225542438,22.6228973631187,23.2503292066969,23.4273850442227,23.5394173264128,2.8959072849401,11.5445,10.5,9.2,8.89,4.78,1.6,2.9512577834521614,30.527310605408,60.29390275243999,10.8975801603897,2.8139196291138604,58.49228586247046,65.45216763818182,16.8991195164691,101.328238651035
2023-05-01,102.856103174243,104.327841323051,102.606209364957,103.013529027551,102.599136411352,107.076185999766,116.746305925692,4802.4148082642,2.93518806573202,101.44631879449,44252.324717035,44.8580065895353,51.9933054259721,99.9,105.1,4.85574291853923,128.538259706755,4.79147835037376,22868175.5273031,17.8525242309228,111.640060597499,108.423897808984,24.6690417483962,63.4123159970609,79.4130445525767,110.126748780293,4.61541770546188,99.1486497681769,4.40377927623668,121.400573568832,98.6955974369227,4.85823251556783,4.74487365902239,4.84136659547159,4.78781034350916,4.7914783503749,118.10620988742,111.794025312166,112.834229789144,11.25,11.258626721666,2.44596342889921,2.45568168247656,2.4509351603752,15.5416652642522,15.541678080264,14.0442203752235,14.8991713547291,14.4963075063873,10.8595615468998,22.628024702668,23.2565970172199,23.4359488293501,23.5433361200268,2.89092668895115,11.5057,10.46,9.1,8.76,4.74,2.0,2.942331496826876,30.6055963841312,60.29390275243999,10.8600987227515,2.8139196291138604,58.49228586247046,65.45216763818182,16.9020658709273,100.753408378323
2023-06-01,103.301050934608,104.639480708398,103.06552969506,103.478085382621,103.063288228303,107.826133772248,119.02065417632,5095.18046710913,2.61729032684493,102.323135149129,44436.9073608459,45.4393972767421,51.9856968166306,101.3,106.6,4.85691560585766,128.943498259545,4.78892322958307,22965310.9168795,17.8935984593937,112.042962681658,107.473532698805,25.1180053871747,63.0673467707481,79.0660316134456,112.21008593211,4.61945608250601,99.3985920548277,4.40606582490709,130.258265603325,102.634055672406,4.83356021199763,4.69636035128155,4.8370765277279,4.78403730020484,4.78892322957213,118.974311927659,112.568547397485,113.351414946314,11.25,11.1064287660383,2.4327854241785,2.42970830222436,2.41042858412467,15.5455640489964,15.5456748704165,14.0521971456765,14.8946473700205,14.5066868213579,10.9008501169383,22.6368569906949,23.2707228507665,23.4482000217427,23.5563192028611,2.85084300676441,11.4925,9.42,9.3,8.57,4.59,2.3,2.9085390618516134,30.5965886535794,60.29390275243999,10.9014336867587,2.8139196291138604,58.49228586247046,65.45216763818182,16.9051681243965,99.9457501950079
2023-07-01,103.538544658774,102.581508172548,103.031090492365,103.70750828068,103.032728318807,107.892101893186,119.002995233132,4960.69778293683,2.91835711158492,101.586687778507,44517.3724467856,46.4398458513529,52.0214490690278,100.3,107.2,4.86021124681231,129.431999694595,4.79248150870539,23125462.1402831,17.9427722109325,111.407849750389,108.32357742999,24.2952349729102,63.8915256330092,79.7469346285871,113.012440434867,4.62321023872656,99.6240972937895,4.41245071446651,142.402431977563,107.927418255997,4.84854883102518,4.75754341590619,4.87638060481685,4.78929963440714,4.79248150869026,119.412947790469,112.920858646904,113.205879601671,11.25,11.1716429775374,2.4312679519403,2.43499147172889,2.42443942900808,15.560495600875,15.5604176298553,14.0591260264798,14.9140404195051,14.5198630557689,10.9178296877191,22.6453527652143,23.2770777598644,23.4535378098809,23.5605669680588,2.82161958533693,11.5135,9.45,9.21,,4.49,2.5,2.884800712846709,30.5692808334606,59.0427002475765,10.9182854997108,2.9924842769626014,58.81591632860235,65.47865185113875,16.9059331261693,100.603728251175
2023-08-01,103.69057814267,103.730435221001,103.189966839244,103.907162484428,103.196396495436,108.52684558615,118.275839006464,4920.54651348282,2.6912164079176,101.735722366326,44321.2712957943,46.5361180625643,53.0171902433293,100.9,108.0,4.86552459562123,129.888925446328,4.79837606490198,24169927.7345402,17.9941268180082,111.185965072288,106.649690874441,24.9017695187507,63.4694914820325,79.9031355287132,113.8416775166,4.62594774799656,99.8909614207204,4.45402272470921,152.938326930874,113.653733551187,4.8399628477661,4.79534101364749,4.90735591879486,4.79749642925655,4.79837606489109,119.211665208832,113.652627632682,113.788388583984,11.25,11.2147158305029,2.43489671487554,2.44520851447306,2.44992180889562,15.570331309648,15.5702655004333,14.0655669906159,14.9238161488785,14.5305135857297,10.9022735780711,22.653339351489,23.2850419762284,23.4572520058111,23.5641750990316,2.83273290689108,11.509,9.77,9.43,9.1,4.32,3.0,2.8763855159214247,30.6313518579431,59.0427002475765,10.89626183528,2.9924842769626014,58.81591632860235,65.47865185113875,16.9080559936448,100.698490663573
2023-09-01,104.566767192325,103.865978327075,103.846531642379,105.070275826187,103.859655588457,109.261090552807,118.584590616857,5204.22123636052,2.67431312493533,101.841916601447,44379.4969019677,46.6909441970647,51.6846352688341,101.2,108.6,4.87034437088852,130.391149457066,4.80105824236823,24429767.9496923,18.0177325139222,112.790296225548,108.603811391926,25.0309512400795,63.6082831947927,79.8611658009748,113.277859731436,4.62610368713529,99.6217635976985,4.45771758913854,162.081412444637,116.766843676015,4.8401940517933,4.84532871312074,4.88776236209529,4.80212493734527,4.80105824235668,119.227316727405,114.509430935399,114.92006876958,11.25,11.1855976067662,2.43248009472701,2.4522992413081,2.47326003914168,15.5835544952177,15.5836992549167,14.0718885120761,14.9367583552859,14.5457568223019,10.8658273718518,22.6649217203623,23.2950802386851,23.4686744369518,23.5722362043621,2.84627952797626,11.4983,10.39,10.14,9.68,4.22,3.2,2.8701690505786455,30.6096246625317,59.0427002475765,10.8666110925726,2.9924842769626014,58.81591632860235,65.47865185113875,16.9097738290285,100.982813257315
2023-10-01,104.594511627589,106.568578006381,104.846930239684,104.246943557157,104.863084397092,109.553815965299,119.276254690632,4907.35972444703,2.70618742030035,101.3588674264,44174.7831708632,45.7965345696351,51.768530893451,101.7,108.3,4.87337121803076,130.929041537474,4.80520813502127,24711222.6401164,18.0098913593128,111.735365500297,107.90079452587,24.7986833075164,63.4367122634961,79.7776975209513,113.360759478976,4.62596834653357,99.5968715152614,4.45415756453791,157.760030876191,116.508077238138,4.84316335462875,4.87774648523863,4.8638123012072,4.80810449200885,4.80520813501241,119.741709096417,113.784234647318,114.242426915682,11.25,11.1387496159266,2.42078594225779,2.43978554292115,2.45050828989415,15.5906099191117,15.5906119023698,14.0760321999097,14.9436719032286,14.558030589158,10.8181426441881,22.6779983289927,23.3067784775417,23.4775660769415,23.5833169526593,2.88124845393514,11.5045,10.34,10.16,10.23,4.18,3.29,2.8903717578961645,30.6143743566052,59.4527648307804,10.8190876173467,2.6850283557640906,58.90926060769512,66.12368535040272,16.9112091311845,100.736701227841
2023-11-01,103.838910606707,101.129315059509,103.165331479182,104.336807630308,103.184803052818,109.967025912036,119.476244088132,4916.62696715214,2.77788000851079,100.749569649484,43827.2642605346,47.0710759119013,51.8235918342124,100.6,108.0,4.87794200026487,131.477615017524,4.80538866934151,24979380.968993,18.0118076132334,112.943852922894,107.089955373842,25.2712293574219,63.5356686557767,79.8084447351229,113.324068952818,4.62725881614843,99.5777149771936,4.47788101346006,155.85765670375,115.473258723096,4.8466908015379,4.81504567211566,4.8760026798867,4.80516719023411,4.80538866933751,119.646661768954,114.965322387117,115.459502284156,11.25,10.8226730508121,2.42355332083613,2.43203044128323,2.42250107704525,15.5970700205146,15.5971372555786,14.0831327837985,14.9451522103723,14.5679626125764,10.9101488996887,22.6804221008715,23.3157851442671,23.4891599858125,23.5948636394042,2.8370313796507,11.5041,10.25,9.48,,4.08,3.4,2.8735646395797834,30.6330218919198,59.4527648307804,10.9106837878193,2.6850283557640906,58.90926060769512,66.12368535040272,16.9136748094031,100.981095174509
2023-12-01,104.167380548532,106.969211280521,103.088496947285,104.766478501686,103.108491542243,110.25648756115,118.375496133672,4897.88782550561,2.80001173039516,100.931452805987,44982.8389132508,46.7921757383949,53.4646508640982,100.8,108.4,4.8843313601972,131.933765930033,4.80409174552634,25528052.4551123,17.9775634330952,113.386060763121,107.430378400982,25.5281033409008,62.9264145304125,80.0433890974645,113.075618144797,4.62492140522203,99.4774570217981,4.47781789512845,145.389562623194,112.207154889261,4.83396113865998,4.78540552461627,4.8700892901301,4.80311750416355,4.8040917455288,120.261094116729,115.886725780093,116.412200834008,11.25,11.085403773802,2.40843586835998,2.41505257434308,2.40222871874346,15.6056601413314,15.6057076450438,14.0902117454092,14.9555147859507,14.580656805112,10.9460006879559,22.6879970881865,23.3152027253897,23.4958035840029,23.6031280066714,2.82131870126704,11.5035,9.72,9.26,9.39,,3.4,2.866192902199006,30.5510509870068,59.4527648307804,10.9468298625222,2.6850283557640906,58.90926060769512,66.12368535040272,16.915146735375,100.657132050157
2024-01-01,104.194430750612,92.4489441621419,103.68458318836,104.929037933882,103.70424800406,110.505793884964,116.759319078131,5075.28940579878,2.77172998486189,100.530754281815,43678.4933743469,47.1344828495058,52.7615223362987,100.5,108.9,4.8922495585505,132.347459930974,4.80846068199881,23555558.187599,17.9367708702204,113.337144282404,108.784385700336,24.6402181938079,63.7530708140694,80.7856628380022,111.458511824304,4.61903171382292,99.0719630367127,4.44516970114487,136.949262944347,104.659551968605,4.8319419635945,4.77407959647673,4.90941271067893,4.80675150320652,4.80846068200861,120.227988859076,115.771595860247,116.856635648318,11.25,10.951415031466,2.41731944327743,2.42954725173542,2.41813231495044,15.6116642364058,15.6115457286206,14.0964192154108,14.9578742236818,14.6002106272792,10.9387126847155,22.6979699182083,23.3348086353393,23.5073513796839,23.6108679325462,2.83938311499024,11.5,9.75,9.05,9.31,3.81,2.4,2.917770732084279,30.6426517697291,58.213079077263785,10.9392706252524,2.5422612618671776,58.454026394475974,66.11226604193558,16.9174297254112,99.6395245398625
2024-02-01,104.489503945676,111.896975327925,102.160160660864,105.582548182683,102.119941934705,111.336482423771,117.451043674975,5184.06753320897,2.56389909544097,100.302348184391,45868.671470613,47.1711446834943,53.3188812736479,100.3,107.9,4.8927141323507,132.832798336016,4.80937844427302,23431279.5912921,17.9045848977169,114.468255325476,108.41936424879,24.9625147531091,63.7842700127676,80.5951307913212,111.019282557256,4.61855188740109,98.9649229025772,4.41412242765232,125.859199883721,101.775882866215,4.83080179141048,4.78109597114295,4.87335952789725,4.80780904099233,4.8093784442874,120.943265686624,116.628363223201,117.950429400419,11.25,10.8867733939043,2.41686566894047,2.4248749158099,2.41731120463528,15.618965391676,15.6188659559013,14.1036535213529,14.9605206329315,14.5776813719016,10.909603698919,22.7221705232508,23.3522715633442,23.5284740767222,23.6264881724291,2.83810161260936,11.4875,9.81,9.35,,3.88,2.4,2.907447358686419,30.7136665625796,58.213079077263785,10.9094930844039,2.5422612618671776,58.454026394475974,66.11226604193558,16.9195275692398,100.264909041597
2024-03-01,104.791347940732,106.149761490416,102.63212976023,105.956809939189,102.604334148978,111.48927846264,116.528015310953,5245.14962110082,2.70557621117786,100.125405275471,45618.4048058775,47.4251755088347,52.4079981696138,100.4,108.3,4.89529520232484,133.354134566199,4.81406507836452,23463562.0736563,17.8585716028587,115.42411905184,109.827811440064,25.3982699297289,63.3837190934645,80.4649523954591,110.678838099914,4.61904470697453,98.7517649865449,4.4271979993353,118.717413465538,98.3712520956124,4.83657770787256,4.76836785399217,4.89419541488553,4.81147838766866,4.8140650783918,121.558406300836,117.421865318908,118.945178397362,11.0,10.8022941888214,2.40662398692623,2.41146522287636,2.40473899314744,15.629626637883,15.6294647588206,14.1101041285919,14.9663851960643,14.5640746022045,10.9401990077587,22.7317817617422,23.3571198390505,23.5310184280335,23.6336288756221,2.81184447961774,11.2475,9.88,9.25,9.2,3.96,2.4,2.89591193827178,30.5112558902684,58.213079077263785,10.9406435109575,2.5422612618671776,58.454026394475974,66.11226604193558,16.9180247971555,100.390491337331
2024-04-01,103.350797897594,106.060411222242,102.058909789044,104.311776921066,102.036141277883,110.579458958296,117.019272335025,5262.36361640123,2.67354907585132,99.6892304594244,44865.3545193875,47.6869295176598,50.4047754588916,99.8,108.7,4.89866518910477,133.593428931455,4.8186893112551,23824905.4563725,17.8716744013434,114.076099996366,109.166091182042,25.0372918585544,63.6317311811366,80.5609713111566,111.600367476219,4.63301687752716,99.1055688424929,4.43856276147369,119.690718048846,100.201991938065,4.87390092567847,4.79243030650057,4.93234624586921,4.81678427191109,4.81868931128283,121.589734708921,116.580198459041,117.508686278718,11.0,10.926390848073,2.4170278807247,2.43135487829639,2.44348439356413,15.6394135538797,15.6394503714107,14.1162656989873,14.9778633247451,14.5863811571191,10.9206800562495,22.7199042208754,23.3630762757687,23.5305097959878,23.6312711338269,2.84825561760471,11.245,10.1,10.09,9.85,3.95,2.25,2.884241897520628,30.7478424910009,55.75830055366554,10.9210774410552,2.668339086068898,58.63987817187436,66.21537477581305,16.9240644719607,100.237232191135
2024-05-01,104.414136168197,105.293469234775,102.147523756832,105.651358981676,102.130138625014,110.619073997455,116.747972734608,5200.44258450972,2.6082840831697,100.231916309793,46080.8201636723,46.8314148732868,51.5811780648884,100.1,108.8,4.9013422360832,133.924166198448,4.82344532118866,23783158.0769919,17.8605220859128,115.686058255802,107.861196105704,25.5981839878575,63.2570448261483,80.4787648066679,112.059096125375,4.62534273671699,99.0385773975826,4.42996174195738,118.084669344864,98.5084842095354,4.91037645759619,4.80775631905972,4.94885864830743,4.82087435439409,4.82344532118843,121.229974834012,118.228231044761,119.480250879221,11.0,11.0824627768821,2.42465109626324,2.43089180928633,2.43817664393362,15.6500910116584,15.6501581334667,14.122985162026,14.9869534979736,14.5997057656967,10.9046786708045,22.7336427154071,23.375643542327,23.5448993482668,23.6453036316301,2.8479517110982,11.245,10.4,9.92,9.64,3.86,2.1,2.8791984572980396,30.6849313141081,55.75830055366554,10.9051934155658,2.668339086068898,58.63987817187436,66.21537477581305,16.9241929595311,100.69747832873
2024-06-01,104.463772386683,104.47778020546,102.359260604393,105.624258953911,102.353593907003,110.271159771464,115.790960002291,5184.96265703238,2.73310738340657,99.6241312917751,45070.1874462327,47.7140372174566,50.8487423730723,99.8,106.6,4.90517954583216,134.255640259473,4.83627407168483,24164844.7279968,17.8797654280368,115.726657927831,109.376061860334,25.2097470803423,63.6437073505856,80.3674921167112,112.442592258781,4.62662611405758,98.974849267632,4.44069165675546,119.182418190144,98.9787648535849,4.96819940505969,4.83566348562079,4.95637786476223,4.83340304948496,4.83627407166657,120.913208532102,118.37561952205,119.573499966785,11.0,10.9833210904227,2.42205550391398,2.42118751794606,2.43150042214219,15.6671532811968,15.6673795895994,14.129018990053,15.0120916370237,14.6121601653208,10.8789280082699,22.7452990879354,23.3853577797732,23.5598742243345,23.6605729574573,2.91687245263478,11.24,10.83,10.15,,3.88,2.0,2.930126516455997,30.6161264818452,55.75830055366554,10.8794090359982,2.668339086068898,58.63987817187436,66.21537477581305,16.9245108010013,100.679393023056
2024-07-01,105.755376354284,120.702105775043,103.023825877272,106.169044243336,103.027335374051,111.132968651937,117.113182153628,4998.3655675587,2.73076575751526,99.6967367852761,47960.1418194335,47.0625685040558,52.584219190159,100.4,107.4,4.91374706556514,134.675824849084,4.84529692260044,24712518.2766084,17.8601222075677,113.906829071086,109.622348976576,25.123070348715,63.2037648668597,80.2375090742524,112.286095327013,4.62959984668714,98.9912501800129,4.45101246172605,111.569340618487,96.6850701726041,4.99685601934484,4.85679509397179,4.97880580747539,4.84215014481082,4.84529692257616,122.249822429926,118.101549109135,119.320675927839,11.0,11.0587022779167,2.41172549480176,2.41573001119649,2.42613163309106,15.6769896825687,15.6768870764218,14.1342004162251,15.021836549024,14.6248871743675,10.8852858098284,22.745778012342,23.3937280721027,23.564278598088,23.661433065054,2.92779433623033,11.245,10.64,10.2,9.95,3.77,1.8,2.932792473780117,30.7399386686569,55.12729972758022,10.8863746895207,3.0015886828968537,58.578764550603914,65.88713032698139,16.9259668789864,99.6475500500561
2024-08-01,104.676019751279,101.313998987146,102.470612472613,106.129036679084,102.485875049389,110.786300540236,116.835606051467,4962.6616456791,2.75758708517821,99.8016297282816,46078.4432647124,47.2404960491155,54.2950389995784,99.8,105.8,4.91382285021623,135.096427342304,4.8476669280485,24864958.0760854,17.856550593085,116.788979205849,110.422035422048,25.1107473952017,63.0535323367764,80.3950576900446,112.442618946805,4.62206358304057,98.8998581016864,4.44914283371709,107.846795893812,95.9418091408097,5.00718451103081,4.88252446843368,4.92846839846893,4.84613187759398,4.84766692802923,123.145439782156,119.676487095892,120.996750795106,10.75,10.7935749023983,2.38057201670855,2.38629690816343,2.3824643409645,15.6945826609244,15.6944795627877,14.1399084707343,15.044888724812,14.6379475218125,10.8808942963698,22.7627127300054,23.4071303054478,23.5804949951955,23.6805753868194,2.98243199560115,10.998,9.95,9.47,9.74,3.7,1.6,2.9444389791664403,30.6986092483176,55.12729972758022,10.8931393015089,3.0015886828968537,58.578764550603914,65.88713032698139,16.9257255325763,100.310341835515
2024-09-01,104.982049786923,104.90004151358,103.095347339403,105.92837230167,103.114763910084,110.095188358673,117.624872440889,4973.19224795262,2.69983638443518,99.6960238042355,46037.2841662901,46.7878961503186,51.4022999458371,100.3,105.4,4.91527254279358,135.504056323697,4.85491782448332,24148344.8320143,17.8060007963476,116.331397668608,111.781876063015,25.0399685263791,63.8131141584521,80.4123269148611,111.592052810769,4.618788166907,98.7178717730651,4.40782150927487,100.682807057308,90.8514154847693,5.05254636049471,4.89371905721577,4.92511550326036,4.85224674517913,4.85491782446508,123.600137571051,119.625090345599,121.144687666121,10.5,10.4354354101739,2.34759343125233,2.34385226994896,2.33094566302642,15.6979288488555,15.6981159970549,14.145216909334,15.0459299725952,14.6424060036893,10.8908892643021,22.7709096174985,23.4139689822054,23.588416320786,23.6912872626766,2.96871044732502,10.74,9.57,9.5,9.21,3.8,1.46,2.9785861147190205,30.6934272807718,55.12729972758022,10.8915207242897,3.0015886828968537,58.578764550603914,65.88713032698139,16.9255619103046,99.7917215045587
2024-10-01,103.95887341344,102.29456591889,101.237343583882,105.519522963633,101.263753408038,108.927584383044,116.945876149688,5003.21623487786,2.48353492209975,98.8703475217935,47671.710434234,49.0576640160899,50.0105736325555,99.0,104.5,4.91984507301329,135.925917314158,4.8589982134121,24010075.4596303,17.8072261335636,117.038610800396,108.586902652592,24.7962911621503,63.9871882347556,80.4406232101892,112.635100451928,4.62227317258346,98.7219014499973,4.39134302712822,99.0112103631639,90.4778854495368,5.08274515732059,4.92231292727574,4.93634638024643,4.85745888509592,4.8589982133988,124.026609432687,120.235975511385,121.807648500616,10.5,10.2567527891488,2.3441988596079,2.3462319869319,2.34400090425262,15.7069284814512,15.7068794709345,14.1512450431535,15.0542097345021,14.6543779807412,10.848572866828,22.7762834428069,23.4224382060363,23.5978568173764,23.6977528680524,2.98382600954518,10.7205,9.75,9.62,10.06,3.8,1.4,2.9856819377004897,30.7103910533583,55.43494167167417,10.8494951216418,2.5677942140374626,58.35744646278022,66.73707300012006,16.9251849488071,99.8122311504718
2024-11-01,104.385635863592,103.747237214672,101.367091367953,106.087895038179,101.397924656445,109.774738481607,116.765227117452,5299.00927122306,2.67964525327009,99.3175823732175,47002.4616278572,47.5635571329909,51.7702203513363,99.2,104.7,4.92231186361203,136.197320049514,4.86806920971192,24087502.8520625,17.7686213596854,118.239493240238,109.007892771634,24.8748697183965,63.8487478117052,80.8070469157847,113.033308410038,4.62399291492301,98.798257432526,4.40432754807202,91.5394530060806,86.784330079889,5.09044176013648,4.92898425805822,4.94909383128885,4.86613448126815,4.86806920970684,124.796521797851,121.330722900155,122.826024984197,10.25,9.97935621079594,2.30297322476432,2.31722915501627,2.31946938211421,15.7189546711208,15.7190838869461,14.1565615271696,15.0725240691694,14.6700520539176,10.8307091787199,22.7919475891483,23.4348109440682,23.6082580062919,23.7053506466648,2.99322139033202,10.4763,10.19,9.97,10.02,3.9,1.53,3.0101281538377234,30.7242132550242,55.43494167167417,10.8313210321345,2.5677942140374626,58.35744646278022,66.73707300012006,16.9243350766793,99.5360970005573
2024-12-01,103.258802540137,100.725575203471,100.035167284786,105.430878989421,100.068787896403,108.032963586287,117.541754790821,4897.60613518969,2.63256547832456,98.5436296128432,46155.3675527392,47.0039049384184,50.874997410527,98.4,104.4,4.92564744090117,136.758979643555,4.87544183937975,23770581.6778684,17.7735236626802,117.865809151816,107.351345216908,24.7243174785794,64.2392524811377,80.8270809905027,113.274531748629,4.6257334532952,98.7962893733378,4.38051222914379,93.4785659298396,86.7466713408385,5.08744697448322,4.94762405318394,4.97476611937203,4.87431716567343,4.875441839385,124.920342591865,120.145678929188,121.614582871102,10.0,9.85997507369071,2.29019869126614,2.28918520482235,2.30457068931901,15.7290923459116,15.7292178419805,14.1608791181188,15.0834688665909,14.6748535633404,10.8062196832072,22.795945695056,23.4454145149322,23.6144882191392,23.7121720495932,3.02218743225746,10.244,9.98,9.75,10.43,,1.6,3.0081547935525483,30.7012933064033,55.43494167167417,10.8070558668315,2.5677942140374626,58.35744646278022,66.73707300012006,16.9248342490037,100.432169069767
2025-01-01,104.101672136682,105.759523207338,100.333831660386,106.07913374871,100.370203295646,109.21938026616,118.126874627654,4639.05317011891,2.62736581266264,98.491262474301,47417.1200919254,46.8023255583091,51.8345012343149,98.4,104.5,4.92802441435818,137.189256397084,4.88083086227333,23509121.8902886,17.7369382769773,119.122464928867,107.44331203322,24.7488984251166,63.9354262917811,81.1226041754345,115.013520866261,4.62789853992853,99.1868650743363,4.41002483320972,85.8371380594162,84.6883046672047,5.13399035992539,4.97987926247139,4.97736776936154,4.88035368547989,4.88083086228791,125.78742068877,121.484976868655,122.438106592534,10.0,9.6679326050261,2.25894220312351,2.26400482560898,2.27847794903995,15.7407444504698,15.7405383987243,14.1659296118766,15.0972618849128,14.6937971090222,10.825574541529,22.8009440057597,23.4485164008064,23.6195039052002,23.711989636151,3.02137842919826,10.2776,9.53,9.98,10.33,3.93,1.0,3.039749158970765,30.7436743695318,54.20591295683652,10.8263278924147,2.4635403790317723,57.6972479440793,66.46738871872513,16.9256397652473,100.433186484405
2025-02-01,104.807576316114,104.75583743707,102.180011421356,106.567057358166,102.095626325376,110.094669169277,118.257719919618,4800.94341648872,2.6251250305487,99.1903102955772,47100.554859528,46.3965039139478,51.3984260394015,99.5,105.3,4.93050036265562,137.676551595136,4.88517036855607,23306688.4459807,17.7445107921999,119.760313145127,109.997507565618,24.7505361427036,63.7104166256517,81.2350179784101,113.513787169138,4.63194320478743,99.0776609033953,4.37391297966774,88.3252323144203,84.9675516797214,5.14923727285294,4.96851114730333,4.98152795140221,4.88352126782063,4.88517036857681,126.260485730303,121.859670191606,123.037461521389,9.5,9.311097976217,2.2121028166814,2.21064107003989,2.2323887134468,15.7472357934784,15.7470091364434,14.1700450123397,15.1037987864197,14.7105840854383,10.8526234757782,22.8020421770368,23.457328071142,23.6340496411283,23.729576074618,3.02395454459739,9.7538,9.1,9.57,9.85,3.92,0.81,3.0373539482448106,30.7088387073931,54.20591295683652,10.8521825845616,2.4635403790317723,57.6972479440793,66.46738871872513,16.9258455396953,100.992200656317
2025-03-01,104.627857064323,110.664981592223,101.434044474424,106.298092538479,101.392691599114,110.05212756659,119.241111385794,4699.74791977765,2.63013559238472,98.5091925388971,48878.3172029833,46.1211827191467,50.9113512075638,99.4,104.9,4.93308074860347,138.202505077674,4.88521550165134,22687267.18361,17.7364778908733,119.403552562428,108.340956262704,24.3729404200848,64.9434876292771,81.2492254006829,113.465547265612,4.63369319008246,99.1246199655534,4.36054830250885,87.3710670894462,84.6966848480878,5.16433692881369,4.93842898754284,4.95944154422321,4.88154025775845,4.88521550169206,126.346309909475,121.531607416131,122.620507741851,9.0,8.94401429574625,2.18571173508779,2.17821374429242,2.19282575032199,15.7530908789124,15.7528625221005,14.1741584284232,15.1106777404879,14.7713023678217,10.8535259806153,22.8026336545371,23.4646061720227,23.6362978010809,23.7323030721964,3.02325535301629,9.2604,8.91,9.19,,3.92,0.5,3.0349529867072724,30.6673311914719,54.20591295683652,10.8538951258318,2.4635403790317723,57.6972479440793,66.46738871872513,16.9257722473249,100.944913245434
2025-04-01,104.693898574515,106.973812830882,101.296723776708,106.70639831508,101.258656045055,111.252745853392,118.223278096497,4686.74044720895,2.6118263560702,98.8052012461964,48668.0926339416,45.542099551832,51.0396317773186,98.9,104.6,4.93723310493059,138.845757303155,4.88767342261075,23979417.7453385,17.7424087222894,121.107795828102,108.224169810718,24.9444645985943,63.8600901355543,81.2915135822361,113.903801347833,4.6325287793066,98.9611918107453,4.3951877606099,85.7155356207032,84.8694881820038,5.17294857720624,4.91314207003239,4.94742963115846,4.88335643580654,4.88767342265006,126.321463620061,123.022115357707,124.115147273699,9.0,8.6287397014054,2.14728393962996,2.13610302153832,2.14093243264669,15.755948599806,15.7560336692583,14.1786781251607,15.1094869933822,14.7196325465326,10.912717219503,22.808458767362,23.4715186923515,23.6462965951486,23.7419626529608,2.98816019671761,9.3006,8.58,8.9,9.26,3.79,0.2,3.035433640405543,30.745495669593,53.530477904154715,10.9130546175925,2.6598622238711025,57.92588232542547,66.3662745900288,16.9259232903806,101.083123244493
2025-05-01,105.078855761445,108.427290485076,101.845750455413,106.711545157268,101.822625579464,110.843079100145,119.513351443764,4601.69665467541,2.7116782475457,97.7312383578866,48531.9094004386,46.6171950505999,51.2750909416782,99.5,105.2,4.94411322200618,139.341033745825,4.88925959540146,24084675.3364371,17.714721287795,120.153943008705,109.371121049846,24.6047586297603,63.9120761552467,81.1700976316354,113.618141562657,4.63181802567161,98.7654224338594,4.39456616111931,79.1787883545071,82.2146927871815,5.15117770546218,4.87011983710684,5.00996624940605,4.88265613702103,4.88925959539864,126.171909214876,122.439162114757,124.014705888254,8.5,8.16542118645656,2.10697776358134,2.10621661011833,2.1271287842892,15.7638119805013,15.7639245457838,14.1828575594545,15.1192480325881,14.7230961263548,10.9540312659597,22.8207563775544,23.486125917281,23.659011138231,23.7537383326867,2.9785249682049,8.7671,8.42,8.87,9.41,3.59,0.18,3.0204248861443626,30.7071437424512,53.530477904154715,10.9545688553742,2.6598622238711025,57.92588232542547,66.3662745900288,16.9253167863941,100.792113175915
2025-06-01,105.097368525833,107.945769818239,101.446942330964,106.844156626149,101.438383544036,111.230247120122,119.394146601802,4573.01052971613,2.6418453161542,97.7633088278745,50008.4824186006,45.5182146887674,50.3541575345718,99.0,105.6,4.94684129003291,139.925371925433,4.88724887548843,24581699.9921868,17.718976316002,120.3801041742,112.008851122392,23.8183699031655,64.5942838070811,81.3838725581696,113.266629511854,4.63034612120539,98.5431906364365,4.41911783246793,76.7347307877992,81.5470307743863,5.15619065885328,4.89550892735715,4.97346591203213,4.88162483681268,4.88724887546284,127.068899810287,122.415511947768,124.262972909399,8.0,8.11175588130243,2.08030557279398,2.09480991404955,2.11539630983315,15.7605162612932,15.7608524309399,14.1863327110034,15.107665967312,14.7275169669442,10.9672975049337,22.8241969450228,23.4819847182293,23.6588007394544,23.7540117678297,2.94857526344288,8.2842,8.41,8.74,9.39,3.56,0.2,3.0022112396517002,30.7038649061352,53.530477904154715,10.9677612200539,2.6598622238711025,57.92588232542547,66.3662745900288,16.9247392022394,101.228794648525
2025-07-01,104.766245656334,107.547892038139,100.373912500376,106.741336501499,100.382627382163,111.561011090125,119.692639302225,4890.72941906267,2.58959497674235,97.4900711205826,49952.5202140143,45.8927941748536,50.6994173893117,98.6,105.8,4.9475609356027,140.370085375963,4.88555531928236,24361464.0558166,17.7030685723561,121.022521735212,108.974996332294,24.7335492002862,64.196198436068,80.7239644761472,113.054192155897,4.62800119892079,98.202863312089,4.39593178345913,74.6854145193352,79.8292519354811,5.15939195773199,4.90033857343882,4.94590870876162,4.87965497731167,4.88555531924983,127.392123611735,122.762954447084,124.987612557562,8.0,7.57660843007934,2.0696154569059,2.07569651523623,2.10278007673369,15.7709999728119,15.7708698940899,14.1907527894355,15.1196265262184,14.7318671419716,10.9619572470531,22.8281876408419,23.4892826112057,23.669513978944,23.7624607599577,2.93893655501312,8.2339,8.4,8.73,9.47,3.66,0.3,2.9856819377004897,30.7526884028881,52.747845768491054,10.9621712882178,2.88696905245896,57.76113240577091,65.73541707620535,16.9303833328509,101.568060724093
2025-08-01,105.105430835895,118.190032028667,100.111693344724,107.246455775132,100.131571527629,112.522584676361,120.49218205013,4765.62136994956,2.65879746957975,96.844977564022,51987.7301094315,46.518526404229,50.0410204547248,98.4,105.4,4.94892875066241,140.812641214057,4.8849937937975,24028150.9266652,17.6799559048265,121.810473467126,108.669135103665,24.9966679470189,64.1156651046267,80.5775578491455,113.166613099939,4.62970271359358,97.9447677592634,4.37865586554979,68.4370045017884,77.801411080982,5.16443034852001,4.89190313196567,4.91416968357869,4.87936179337737,4.88499379377042,127.506905376709,123.038081946198,125.613356762207,7.75,7.40540268383795,2.03990410963508,2.04789619109499,2.07406130648512,15.7757669719562,15.7756253829254,14.1945297489349,15.1222297495933,14.7371790565595,10.9997684775426,22.8368177388145,23.4943208310086,23.6758744447075,23.7703607203588,2.92893997856719,8.0327,8.03,8.49,9.14,3.76,0.4,2.970414465569701,30.6882320931863,52.747845768491054,10.9946046846532,2.88696905245896,57.76113240577091,65.73541707620535,16.9286198677299,101.494601766279
2025-09-01,104.677105507976,112.740445192628,99.8859112479783,106.9610423206,99.9154165236982,112.543711296795,120.513033068803,4642.93525796849,2.73996284010414,96.4734687583476,51530.3282612616,46.2026886356883,50.5776503648643,98.1,105.6,4.95229934890809,141.302222872371,4.88820105539757,24361598.0302669,17.6776680938755,120.668580759898,109.526249839967,24.4493304851221,64.1130691186229,80.6985093057111,112.88465500402,4.62953463511337,98.0261924745229,4.38461991689798,68.3618713828101,77.4779055249536,5.17913627937794,4.9090462129501,4.93300585833835,4.88239177821746,4.88820105537248,127.354795441813,122.606084143043,125.082312158945,7.5,7.33166345095133,2.01301010547733,2.02392471602454,2.04420463151158,15.7778528200317,15.7780733320446,14.1979118298381,15.1183643639036,14.7439245554387,11.0652791021832,22.8404340249242,23.5028783891893,23.6853417084786,23.7780195388873,2.90150218891475,7.8818,7.8,8.28,8.79,3.76,0.5,2.944965156500338,30.7523070399525,52.747845768491054,11.0658770162779,2.88696905245896,57.76113240577091,65.73541707620535,16.929657214369,101.693538123614
2025-10-01,105.664431497788,114.429638168041,100.708787683535,108.026351770004,100.741514424282,113.443323206883,121.238082392213,4640.38693721791,2.61121350708333,97.0270324737409,55941.447541124,45.771916939019,52.2678526298057,98.8,106.3,4.95500061260111,141.762296686759,4.89262649289494,25182124.8595955,17.6969803469306,122.833019383337,109.387527973749,24.9107042243876,64.1223690042218,80.6016267537206,113.011953703557,4.63260143130336,98.0094353194205,4.40099247752479,64.5061855807921,77.6553013320964,5.19604629999621,4.90237478134523,4.94468632085372,4.88658619536383,4.89262649287865,128.420033976523,123.958219084704,126.580776517999,7.5,7.16311632960652,1.97109004571172,1.98684287329499,1.98489024107851,15.784182869508,15.7840717388778,14.2029874230564,15.126397483029,14.7469506323659,11.0643537173263,22.8418356588236,23.5047553278417,23.69261642022,23.7846961844266,2.90758028605241,7.7812,,8.12,8.71,3.91,0.5,2.934388643312939,30.8019681752058,50.67980683399909,11.0652391041053,2.546689143391684,57.773628001266175,66.2493856824392,16.9325922558897,101.606406126531
2025-11-01,105.423431425723,105.684614842567,101.268592413792,107.559125708534,101.307768675409,112.726606710725,122.47093555574,4585.44978252761,2.69281963259591,96.4406629004712,53837.6838698388,44.0483576346499,50.7072027517506,98.8,106.7,4.95936667460486,142.2446100353,4.89579598090044,24313826.8822098,17.7196666459415,122.132103904786,110.483130001849,24.6833824955452,64.1265657062667,80.5712205625769,112.969161444904,4.63347509482831,97.9040306394483,4.37458928840276,75.6938348665934,79.6169170631676,5.22266119373507,4.91931752784452,4.93920179047783,4.88945095253416,4.89579598089556,127.897289926073,123.268760352801,125.921914541177,7.25,7.16190552158554,1.98377830670522,2.00283540529432,2.02945299431557,15.7888807368664,15.7890804845537,14.207885091604,15.1276996356115,14.7493591757175,11.0752597859277,22.8509510369341,23.5068020533781,23.6977480012544,23.7885606966389,2.89118143588791,7.6103,7.75,8.66,8.96,3.92,0.4,2.928523523860541,30.717137806472,50.67980683399909,11.0759539342863,2.546689143391684,57.773628001266175,66.2493856824392,16.932959709253,101.416301290195
2025-12-01,105.605808159351,112.440092036175,101.375543428914,107.676574926792,101.427130043649,113.892162092225,122.449396504825,4664.95728312247,2.61138528636034,96.3270406369175,53576.7818393933,44.6140106135405,49.942233123497,98.8,107.2,4.96209118591985,142.67460199577,4.90067065712914,24549249.6056688,17.7583551126276,123.335213687451,110.417806146541,24.0972296317379,64.2565602368595,80.3243741975275,113.463080638285,4.63724210852295,97.9153866533451,4.37527959631679,83.0079534432571,81.5084449101783,5.2846285728218,4.96608229780588,4.93507452689105,4.89442320382357,4.90067065713592,126.013554591079,123.819468542292,126.495519036327,7.0,6.88955322011359,1.97086204961941,1.99034502235447,2.01755311395153,15.7920504322647,15.7922755047086,14.2116621393538,15.1257759094174,14.7525366605566,11.0722185207808,22.8560813255256,23.5111596681669,23.7043222150145,23.7924559371489,2.87736240499419,7.3489,7.95,8.82,9.2,,0.39,2.917770732084279,30.8055200811785,50.67980683399909,11.0730582765448,2.546689143391684,57.773628001266175,66.2493856824392,16.937251518492,101.735128467253
2026-01-01,104.63802034069,108.28375680349,100.266071179633,107.022540666186,100.335085910497,112.124781270903,123.713000179675,4591.99377499695,2.63090357369143,95.9064486051324,53683.8501828097,44.0839545179193,50.5467291035294,98.1,107.3,4.96567666505127,143.386255775214,4.90111625359271,23363649.572156,17.7628196575569,122.970898031831,107.355258103715,25.1194611973434,63.9804544703238,80.2481972465782,112.958968658389,4.64155795767677,97.86991772676,4.36077840975919,90.9915896640985,83.3520547520049,5.34829950378961,4.99211457173315,4.91647906911186,4.89451506188932,4.90111625361063,124.007619131503,124.813317583214,127.327887327796,7.0,6.74375042220906,1.95251386754757,1.96439133847541,2.00890283784757,15.7972121452001,15.7969220346985,14.2149626460944,15.1277557437635,14.8564917925271,11.1048866486763,22.861999715369,23.5147201066617,23.7101543957956,23.798541342413,2.84880653982153,7.2986,8.23,8.62,9.21,3.98,1.3,2.917770732084279,30.7314013582023,,11.1058302493248,,,,16.9345264057405,101.914057115776
